x,y
-6.630714968848959e-05,2.602334336042501e-05
-6.630714968848959e-05,2.602334336042501e-05
-6.051048554298897e-05,3.1348478984883764e-05
-8.562634297839367e-06,8.537363531303152e-05
-8.562634297839367e-06,8.537363531303152e-05
0.00019384303170276636,0.0002972947596502456
0.0005783613470245749,0.0007014364122158632
0.0005783613470245749,0.0007014364122158632
0.0012205495244787166,0.0013801618477699618
0.0012205495244787166,0.0013801618477699618
0.0026540305588257486,0.00290632806963258
0.0026540305588257486,0.00290632806963258
0.005710920433190142,0.006189820129440544
0.005710920433190142,0.006189820129440544
0.008367589107984795,0.009068640111353906
0.008367589107984795,0.009068640111353906
0.0129889642044328,0.014124449935835084
0.01730789995121515,0.01889725777805747
0.020601334965692518,0.022565345524469545
0.020601334965692518,0.022565345524469545
0.026160231091105622,0.028809199052555617
0.026160231091105622,0.028809199052555617
0.032446673454904026,0.035943933866916036
0.041908380577348,0.04681750699532289
0.041908380577348,0.04681750699532289
0.052511149036511696,0.05917814217915777
0.055325923514637124,0.06248840759491322
0.055325923514637124,0.06248840759491322
0.06413026259581524,0.07291484462232074
0.07342760857357067,0.08403578064684945
0.07342760857357067,0.08403578064684945
0.08648390757192455,0.09982490648011959
0.08648390757192455,0.09982490648011959
0.10016164856803407,0.11655023603538334
0.1107438302026006,0.12959810143876868
0.11792218786822804,0.13849301981171028
0.11792218786822804,0.13849301981171028
0.12883752334341683,0.152072140027156
0.12883752334341683,0.152072140027156
0.1398889259652205,0.16586772737038205
0.15103427173077832,0.1798067119866986
0.15103427173077832,0.1798067119866986
0.16223685481537314,0.19381969656077827
0.17346578569889387,0.20784139806217364
0.17346578569889387,0.20784139806217364
0.18843402782423066,0.22644851106424072
0.19963130438499924,0.2402688279783072
0.2070737535989488,0.24939217627573837
0.2070737535989488,0.24939217627573837
0.21819587854581968,0.2629119362188633
0.21819587854581968,0.2629119362188633
0.2292614735475171,0.2762033758044263
0.24026648569671347,0.28923898929192465
0.24026648569671347,0.28923898929192465
0.2548449033076798,0.306187117017208
0.2548449033076798,0.306187117017208
0.2693210042439565,0.3226144670202384
0.2801183995305768,0.33458739650998615
0.28370752260348037,0.33851263926197495
0.28370752260348037,0.33851263926197495
0.2944489841642418,0.3500952976081356
0.30515826602560775,0.3613981632370696
0.30515826602560775,0.3613981632370696
0.3158443057069684,0.37243804912905487
0.3265159916505326,0.38323631860886787
0.3265159916505326,0.38323631860886787
0.33718181236003364,0.3938181122076199
0.34784945504865894,0.40421163684749756
0.3514069896797318,0.407639454819136
0.3620876466389939,0.41782913447335546
0.36921655311386536,0.42455611724657055
0.37635366771528345,0.4312413920781088
0.3834998558890088,0.43789460102866334
0.3906557211243974,0.4445252601516774
0.401408271010669,0.4544493212958997
0.401408271010669,0.4544493212958997
0.41218313152631464,0.4643739051870388
0.42297888621074053,0.4743274582277825
0.4265816873531809,0.4776563427401648
0.43379285326465733,0.4843361647284422
0.43379285326465733,0.4843361647284422
0.45184635263348216,0.5012020422468965
0.45907449583591514,0.5080297453018016
0.45907449583591514,0.5080297453018016
0.4663041547062291,0.5149111449448753
0.4735337141447959,0.5218500568546672
0.4843743292520952,0.5323727955732824
0.4843743292520952,0.5323727955732824
0.4952055766509365,0.5430391247228555
0.5096234251289088,0.557490505206075
0.5096234251289088,0.557490505206075
0.5240035485293129,0.5722033681108437
0.5275914988257079,0.5759214227413898
0.5347579761664213,0.583403661055924
0.5347579761664213,0.583403661055924
0.5490503129126094,0.5985433648378532
0.5490503129126094,0.5985433648378532
0.5632845184972635,0.6138947786834767
0.5632845184972635,0.6138947786834767
0.5809928544137454,0.6333326674966732
0.5809928544137454,0.6333326674966732
0.5915738770002247,0.6451003525115683
0.6021241932420244,0.6569262444998375
0.6021241932420244,0.6569262444998375
0.6161486205804784,0.6727548037659448
0.6161486205804784,0.6727548037659448
0.6231450593400817,0.6806836035440252
0.6301327391116239,0.6886153879136943
0.6406009648592832,0.700508177000456
0.6406009648592832,0.700508177000456
0.6545419939371171,0.7163322815818023
0.6649925096137494,0.728157424642107
0.6789858968955333,0.7438935905002236
0.6895851708259896,0.7557071698309985
0.7003152588361546,0.7675544718599671
0.7112360004140962,0.7794798126922162
0.7338687398547389,0.8037399409775983
0.7456761332905757,0.8161552637497974
0.7578983638004835,0.8288381936497164
0.7880767952518616,0.8595337521038481
0.7971442356840455,0.8686086797552081
0.8254898877830378,0.8966234677436778
0.8452950141955609,0.9159123795720638
0.8503462475156031,0.9208013100383456
0.8867893380773136,0.9556704282702452
0.8974863537733514,0.965773421553284
0.9302703123380976,0.9962532954352089
0.9469111311560025,1.0114562496398503
0.9636277497325444,1.02640277642538
0.9803722704333407,1.0409104555641842
1.0136659778285202,1.0686269005318043
1.0300801280203622,1.0813110662456626
1.0462615724312736,1.092992342671447
1.0828773761390578,1.1161491788836844
1.1030458321565102,1.1264743452908532
1.117824690168497,1.1327592163202902
1.1323358709053732,1.1377705720820832
1.1512937939495465,1.1426811678305224
1.174545638968295,1.1458717290589113
1.1883343934396362,1.1463249431269877
1.2020388600113237,1.1458215710887627
1.233920898659409,1.1412649845327056
1.2522290835611343,1.1367879704797408
1.2568251776062964,1.1354984293352242
1.284577001231018,1.1267324915513188
1.3033300532447363,1.1200057822602683
1.327078022921042,1.111066331581644
1.3366831023069794,1.1073862374712735
1.3512198589479765,1.1017735201273162
1.3807193078406297,1.0905268342750278
1.3956885534333718,1.0849382077492369
1.4158224940403732,1.0777079535735248
1.4361285141510594,1.0707825473454917
1.4514639291990579,1.0657634906205213
1.482232999921346,1.0565027878989928
1.4975996717839244,1.052358829022513
1.5129556059274714,1.0484422788917012
1.543437576221967,1.0416316991976484
1.5585542912203234,1.0386103087086502
1.5884772008052435,1.033180152432818
1.6081798992197407,1.0298732439874017
1.6179603999121333,1.0282650380892284
1.6325708681021434,1.025795518447724
1.6615680040071041,1.020621993444187
1.675965544987472,1.017893517432169
1.6903398526556375,1.0149541971390468
1.723803412300692,1.0074114378024348
1.7428980698157481,1.0027453276024036
1.7572222648867217,0.9990955052914243
1.771578168161478,0.9952655914204757
1.7907657118048657,0.9899523580474014
1.8051657803716992,0.9859386843963305
1.8340709228707621,0.9776972697484718
1.848577831297485,0.9735096042508407
1.8631287905257026,0.9692743434903381
1.8825982229483957,0.9635730733040135
1.9070741074649782,0.9562830437056294
1.931723064970923,0.9487540018893503
1.946569213721595,0.9442008400912134
1.9664579534051534,0.9379843116198537
1.9864215460137797,0.9316861707052534
2.0164712244343854,0.9221355067003847
2.0365238174949853,0.9158046023480073
2.0415343920333826,0.9142387500765312
2.07153230871012,0.9050636014240276
2.0865118621139165,0.9005047130305657
2.106371062019489,0.8947148641577893
2.1261185563582727,0.8891378981846301
2.140823885597602,0.8851751229505128
2.1699085509191622,0.8779122854292223
2.1842598296404296,0.8746729835181483
2.20314728675263,0.8708931358885614
2.2217575862677523,0.8676792787235362
2.249063601671616,0.8641752816306338
2.266924252523572,0.8624637954918233
2.280179451442033,0.8613650383639039
2.297676005386467,0.8601279283108417
2.3150570789498714,0.8588807992098462
2.32803759989707,0.8579150533450187
2.3410293944754397,0.8567778216823337
2.3670436081416106,0.8541727686754392
2.3844885849530346,0.8521119308299467
2.402090659268662,0.8496987322893016
2.4154202462019785,0.8476453791865491
2.433406505785096,0.8445262008147723
2.4562788117714063,0.8399788036508989
2.4748911783256085,0.8358840604625069
2.493821634302858,0.8312932004292258
2.5082086176724907,0.8275930119933096
2.52272140011969,0.8237858075568749
2.5521477196496023,0.8157193323434645
2.5670266059065616,0.8115194605755099
2.5819998798878885,0.8072187817718796
2.6120783505096594,0.7986635186882493
2.627180906341879,0.794328227408213
2.642300685784463,0.7899654579553907
2.6774019271325407,0.780261649635511
2.6972942179225923,0.7750192236664724
2.7121004672008846,0.7712588790586871
2.731649862748268,0.7665450113402431
2.7461671035811426,0.7631891198220314
2.760577088679334,0.7598937167642122
2.7890300909767274,0.7535668671351412
2.803045353508841,0.7506205766591871
2.8308085309791475,0.7446584135970961
2.8445190818709882,0.7418072310151139
2.858112760046155,0.7390920106114044
2.885032799364728,0.7339026238439166
2.898339001074359,0.7315716877216865
2.9159561035775434,0.7286884168121801
2.9378036436900956,0.7254593321587376
2.950796770196988,0.7238526253181565
2.9680214295077976,0.7220190267109808
2.980883324959023,0.7208325250867144
3.006436761993299,0.7190967122343568
3.0191727470014533,0.7184035214734784
3.03615576275437,0.7175286077421257
3.0574594558227997,0.7162854651021314
3.070306147619932,0.7154011352868156
3.0832045750459707,0.7143810715166871
3.095944154796495,0.7133827730334873
3.1248249754950264,0.7114822335244472
3.1327067030282616,0.7112419693866745
3.1512979808349226,0.7117752709956954
3.167800722560649,0.7145471537958508
3.1737449912000235,0.716411683374036
3.1870132070917907,0.7231694347960382
3.1961785580576727,0.73087336885648
3.2020844564374773,0.7380845732033923
3.207251260980066,0.7465395722072764
3.2117449977221835,0.7562280364229073
3.221182061172591,0.7877607649583078
3.224054686278279,0.8015651015446209
3.2267733771997675,0.8163218788606162
3.2304999170433897,0.8372956731650302
3.2359502305638235,0.8651549881310596
3.239881343576895,0.8823025949620154
3.2497438059824564,0.9167437527540763
3.2557845537524317,0.9335944112836928
3.2626094809865904,0.9498422934685007
3.2702250488223727,0.9652539423683097
3.2877702757560594,0.9929875202548938
3.297649623858937,1.005119125149609
3.311932983794781,1.019219489235735
3.3314239864947033,1.0334647446964735
3.3396865386217582,1.0380982446905131
3.3703260083536195,1.049986669037986
3.3888699571214,1.0538385708666789
3.3983634656643944,1.0550549367416888
3.4176918402648946,1.0562864622594115
3.4374162059268913,1.0559790416706254
3.4675235063658354,1.0531089798353688
3.482737519067015,1.0507631415740124
3.503153387555925,1.0467701064291275
3.513406382346219,1.044432718195999
3.549404968303495,1.0348492507210707
3.56995037206229,1.0287372694173864
3.585312672647051,1.0239688449698314
3.6057092293056145,1.01755789388788
3.6309807297022245,1.0102941534445258
3.640995940156021,1.0077193033714376
3.655968409659968,1.0043912661013537
3.6855528458878903,1.0002600078079191
3.7050847888022944,0.9999058235235175
3.719610983313231,1.0010880771763746
3.7389667938597784,1.0047531975136295
3.7631848495644493,1.0127881816337194
3.7777787405788135,1.019442717563408
3.7924960199490347,1.0274361248475494
3.8222166477794124,1.047164556433968
3.8372371492547015,1.058729518707624
3.8573671022269336,1.0756818142608213
3.8826774749984554,1.0989834673762793
3.897878877991139,1.1138889930844342
3.928204130752911,1.1452713580440537
3.948423873532818,1.1670628749375678
3.9635876720532615,1.1837102076190078
3.9838401544671185,1.2061726193965114
3.999070908989973,1.2231290272008504
4.019470090888822,1.2457802073705664
4.045142600028693,1.273988987836672
4.06060931927445,1.2907630362482296
4.091624923335308,1.323783724021045
4.107128913241551,1.3399639036884898
4.122608599563068,1.3558993127205279
4.15328318505516,1.3868947056579264
4.1684638650011285,1.4019533710227883
4.188534193169202,1.421604559820786
4.198478522887093,1.4312390520692846
4.232915419829171,1.4640970151407238
4.247477834706084,1.4777970506173168
4.26674010820197,1.4957663903655352
4.285847883515108,1.5134500288309631
4.2953686521547,1.5222122924559591
4.323818971462233,1.5482682726972123
4.3380359522566625,1.5612332254922314
4.366501669717524,1.5871691237058934
4.380811703011143,1.6001985440652629
4.395226953537296,1.6132874277126488
4.424414797826447,1.6396689318694504
4.439228020586668,1.6529593100794238
4.454237603249537,1.6663107796006014
4.484851409114043,1.6931476950363558
4.5005166280827,1.7066178916842036
4.51641930389821,1.7201067591298371
4.537921149387402,1.738067511770078
4.56534758659578,1.760414672513547
4.582012621131257,1.77372861996457
4.604506601533584,1.791305918068932
4.63859536746976,1.8171831799703178
4.661549716451735,1.8340538586282624
4.678818633613141,1.8465040523897365
4.696110587270747,1.8587808901637282
4.719230779338283,1.8749178040967658
4.753813320117331,1.8987225287294935
4.77104236323298,1.910523159050539
4.793878621442859,1.926249864496078
4.8221246098978074,1.9460102088641666
4.838907399287076,1.9580101210007304
4.855552683058107,1.970173654592391
4.877518866053727,1.9867215433630139
4.910012452682723,2.0124238783154507
4.931407622702517,2.0302433161279954
4.942059958490237,2.0393838514133815
4.963209835054248,2.0580997960650027
4.98417295821957,2.077384282044036
5.0100898498571835,2.1022202780214005
5.025449411124133,2.117451855885754
5.055744366338542,2.1485137794624056
5.070625873318761,2.164251370251167
5.09018389915849,2.1853642395619786
5.099853085978697,2.1959560715912385
5.128407265586997,2.227736072817626
5.142481274784316,2.2435939373931086
5.170268812573766,2.275116090591287
5.188592542447185,2.2959374440182336
5.202303926876929,2.3114547104532672
5.216020592764924,2.326884963796623
5.2343158826856095,2.3472970700149878
5.2573916776712135,2.3726102443528956
5.271374237628794,2.387691147484361
5.285449213168407,2.402681366006179
5.318685348759631,2.4373152225466335
5.33309986488788,2.4520055144315305
5.352483261152401,2.4714229661522786
5.371958498531621,2.4906177696174994
5.3866220286525275,2.5048544195651843
5.416030543494072,2.532867494555579
5.430764823379294,2.5466195339112896
5.450498411244256,2.5646516340996817
5.460407584287112,2.5735326511065035
5.490367197166931,2.599604329674407
5.510585746362729,2.61648837720054
5.5207938910579,2.6247777063385174
5.556298520494243,2.653308103697398
5.5613199194774925,2.6573297705864887
5.590557655218883,2.681470530395431
5.604391587789453,2.6936300871726284
5.62155275615599,2.710122797066952
5.644018424888567,2.73569074803148
5.656486482896813,2.7534190725852485
5.664361113275812,2.7671389636600665
5.670934261714739,2.7812385815145477
5.680290420286879,2.810552283174183
5.683694252933905,2.8309641842767803
5.684602506981761,2.8414186086846205
5.684667786826129,2.868269298298989
5.683378569775237,2.8848149562537517
5.680189350673259,2.907383858759152
5.672862653297707,2.9421346676674607
5.666688529567198,2.9657738671756593
5.663304516430798,2.9777065898862207
5.656163240579936,3.001718378237606
5.648728809730771,3.0258529551283115
5.637430696491518,3.0621438672454397
5.630166399868348,3.0862579738086704
5.624964243074918,3.1042617873429346
5.620057902928209,3.122161766651734
5.614048360326038,3.145837958991519
5.606185479361307,3.1809460753736416
5.601873321642204,3.2040501333857287
5.59999304551878,3.215519944136132
5.595476586586481,3.249637744005038
5.593819897334845,3.266579673842973
5.592563257577101,3.2834628950680265
5.591383191281805,3.305974182932802
5.590768997034565,3.3397040236308655
5.590971522145606,3.3622534564389417
5.591219977780001,3.373562558768196
5.592400977107917,3.4076774238529497
5.593528154470206,3.4305460162199677
5.594490531609415,3.4477708397088507
5.5955163725658705,3.4650597076101923
5.5965344823028245,3.4824355815130015
5.598770791281928,3.5172373000986075
5.599949542458021,3.5346535382037554
5.601876395982583,3.557772802040946
5.604960752463834,3.5863982485548815
5.60743965872709,3.6033319821283936
5.611796183684516,3.6255060081132693
5.619394783486791,3.6524009653548277
5.625267677078153,3.6680280403687493
5.634782626017986,3.6882134225855716
5.649541859349774,3.712415120337994
5.663609750713297,3.7309698474439807
5.671390492902061,3.7399840305347607
5.69739618928637,3.766092965756904
5.711803378853681,3.7786725675151676
5.727023948438774,3.790969017245115
5.759455954939742,3.8148113234596086
5.782256247741564,3.830227617189521
5.793900106604767,3.8378157145771583
5.8289635062801155,3.8604290684949842
5.846334126997506,3.8717340806722875
5.88039868512111,3.89446369576398
5.902112340889146,3.9099096431792795
5.922700083055909,3.9257032124153173
5.942062788429446,3.941900575049784
5.951244645078458,3.950165030725465
5.968510524830193,3.9670552488843303
5.984028768009487,3.9845616383151587
5.994611521344916,3.998053850041449
6.015855660709876,4.030796050429263
6.023740745213462,4.045318792318052
6.031137099515405,4.060071968483668
6.040576626570881,4.080018955259714
6.052316527280075,4.1051984354872255
6.0595715805272405,4.120373688286395
6.067199005616324,4.135552924803061
6.083763670765952,4.165741876237124
6.0928805148295,4.180702987378516
6.109391423955089,4.2053161672780455
6.123934424479393,4.2246544791720355
6.139670874637077,4.243617768733721
6.161005348518902,4.266706963492345
6.17005464051209,4.27573205810227
6.179375195388802,4.284631512438282
6.2192417337944095,4.318936134943162
6.229751652535232,4.327192882027915
6.262286634588681,4.351242808093705
6.2733916780199355,4.35903604730163
6.301630680030924,4.378084669286183
6.324516370154945,4.392939540114595
6.3360068425376825,4.400260727104236
6.370688262937139,4.421888334899717
6.393892541599104,4.436109302271288
6.411260487877688,4.446719199237123
6.445797561201772,4.467912961727925
6.457210065353271,4.475004497613563
6.4798980587982475,4.489253367952724
6.502147855400613,4.503650537521561
6.529483718484535,4.521912562150832
6.55092815846881,4.536811703943378
6.56152251263885,4.5443697227478665
6.59804220661416,4.571458691285385
6.6083367361887,4.57938654127577
6.638996130796978,4.603733212460253
6.65933300782329,4.620427066874725
6.669476543981772,4.62890574790324
6.694853426589486,4.650474248615667
6.715151278984736,4.668073344109214
6.725317558969983,4.676977201256822
6.761051478829574,4.708601692083963
6.77646025547124,4.722341769783006
6.7971051574698285,4.7408296285602765
6.817915547604325,4.759495318049012
6.83364849870328,4.773613764108679
6.8653733152683,4.8021516781839955
6.881350305213653,4.816580577664797
6.908059652167445,4.840850070570372
6.924084497617446,4.855530876298685
6.9400601615061825,4.870286521564328
6.971876207274337,4.900044062903821
6.987667426330611,4.915025731425093
7.003377667898937,4.930076687144151
7.034439943633824,4.960319226871899
7.049773842511593,4.975493701578225
7.064962940563933,4.99068812486126
7.0849984298138216,5.010968232009302
7.109581670386484,5.036255766634979
7.124126004144494,5.051396601867819
7.128925024203464,5.056427239456267
7.138449353619622,5.0664610931479706
7.138449353619622,5.0664610931479706
7.152554582666295,5.081437927610151
7.166430116570895,5.096307827591975
7.180044179315054,5.111040637942628
7.180044179315054,5.111040637942628
7.197721384856471,5.130411308183059
7.197721384856471,5.130411308183059
7.206330982183793,5.139957403221886
7.214774963270902,5.149399007288702
7.223045687902103,5.158728750267357
7.235115075635942,5.172500388569908
7.246771751531837,5.185991010294043
7.250565233929983,5.190423654286319
7.258015199540022,5.199191410608874
7.258015199540022,5.199191410608874
7.268854117959886,5.212098876409198
7.279305512290088,5.224716825861638
7.2893936847376,5.2370543594016
7.2926807741514414,5.241106894423063
7.302332484690298,5.253093671158815
7.302332484690298,5.253093671158815
7.314763455322981,5.268706798738727
7.314763455322981,5.268706798738727
7.320817219998633,5.276371149939076
7.329729298293616,5.287712257676494
7.338474943837124,5.298892547745115
7.338474943837124,5.298892547745115
7.349944875878361,5.313601515006242
7.349944875878361,5.313601515006242
7.358452683665303,5.324524314675652
7.364098867320136,5.331771226891178
7.369735628994359,5.3390004402736375
7.375371659122205,5.346220552067949
7.3810149499204964,5.353439829824232
7.3810149499204964,5.353439829824232
7.389509123099656,5.364284344440072
7.400921193158073,5.378810769413747
7.400921193158073,5.378810769413747
7.412467352189654,5.393460827774113
7.412467352189654,5.393460827774113
7.42123128252781,5.4045557966662665
7.430092468055313,5.415759323235575
7.4330684919511025,5.419519989505144
7.442063899067797,5.430885265639279
7.442063899067797,5.430885265639279
7.451158978631016,5.442380553229911
7.4603497759776625,5.454009672267867
7.463433598646338,5.45791599773056
7.469629871807253,5.465773347548553
7.469629871807253,5.465773347548553
7.478990825841767,5.477669348782008
7.48842261824291,5.4896926999113145
7.497914089085284,5.5018359498714435
7.501089150236047,5.505908727958224
7.501089150236047,5.505908727958224
7.510641839120485,5.518196445114449
7.520226381036237,5.530578693511859
7.529830903950914,5.543042140142694
7.533034908770177,5.547212191077971
7.542648942777648,5.559761309379478
7.542648942777648,5.559761309379478
7.555458892604009,5.576563413717716
7.555458892604009,5.576563413717716
7.561854277427979,5.58498429570063
7.561854277427979,5.58498429570063
7.574615015877576,5.601843566095748
7.5873245371094455,5.618697983265892
7.590492668800809,5.622907117909487
7.596817119352578,5.631316735601437
7.603125358924848,5.6397119508484685
7.603125358924848,5.6397119508484685
7.6156919545811315,5.6564468441839395
7.625073424289254,5.668938869608632
7.628192533615096,5.673090081112064
7.6344191718028,5.681371871427013
7.643731727350129,5.693740142244804
7.643731727350129,5.693740142244804
7.656102602828399,5.710123940191852
7.656102602828399,5.710123940191852
7.662271044680736,5.718268494663861
7.671506169455525,5.730425795322551
7.680724408735036,5.742512720300262
7.680724408735036,5.742512720300262
7.692997313503587,5.758523777077342
7.692997313503587,5.758523777077342
7.702194432982711,5.7704587828587055
7.702194432982711,5.7704587828587055
7.71138988917536,5.782336961764573
7.720587569804695,5.794164762513021
7.720587569804695,5.794164762513021
7.7297908782987115,5.805949369418888
7.739002572060987,5.817698562317058
7.745149461219275,5.825515665093227
7.751301505920666,5.833323077959228
7.760539893613435,5.845021410797177
7.760539893613435,5.845021410797177
7.7728776380715505,5.860607997940153
7.775965592201924,5.864504598147947
7.775965592201924,5.864504598147947
7.785237459227346,5.876198751159929
7.794520364579464,5.887904880809401
7.800714332924823,5.895718804175827
7.803812708453701,5.899629376800198
7.816213467846061,5.915300316289425
7.8193150150640305,5.919226074993192
7.825519063334579,5.9270882633338
7.8317237067412275,5.934965497738887
7.837928127702042,5.942858583630719
7.8472325041182645,5.954729246349344
7.8472325041182645,5.954729246349344
7.856531690108809,5.966638226952042
7.865823001131467,5.978585867302231
7.8689179168623316,5.982576932926351
7.875103947457292,5.990571602145076
7.875103947457292,5.990571602145076
7.887458650022461,6.006609268241285
7.89670740722609,6.018677034121923
7.899786750249931,6.022706568676227
7.905939835975158,6.030775286858685
7.905939835975158,6.030775286858685
7.915155039931628,6.04290036656098
7.927414420224695,6.059101774113209
7.927414420224695,6.059101774113209
7.939642517114636,6.075333048166696
7.939642517114636,6.075333048166696
7.945745269760278,6.083456417430662
7.957929727540913,6.099711614079741
7.957929727540913,6.099711614079741
7.970088921508561,6.115968984367362
7.973125247474253,6.120032428937558
7.979194257032328,6.128157130900572
7.985258934666702,6.1362779305141
7.985258934666702,6.1362779305141
7.994349224848125,6.148449427072598
8.00646061272075,6.1646548230910625
8.012513993189993,6.172745639634709
8.018566748195864,6.180827583906901
8.024619554529737,6.188900071048078
8.030673059777907,6.196962630375341
8.033700267056197,6.20099007151524
8.039755956468639,6.209037105945677
8.039755956468639,6.209037105945677
8.05490571315791,6.229108113304695
8.057937945981115,6.233114312169412
8.06704011486027,6.245117174991178
8.07311318482998,6.253106290576233
8.07311318482998,6.253106290576233
8.079190514611915,6.261085576415098
8.085272283669642,6.2690554718244655
8.091358606136945,6.277016490520227
8.097449529395485,6.284969214055284
8.103545035210328,6.292914283476823
8.109645044061747,6.300852388794903
8.115749409793983,6.308784266190269
8.121857931166955,6.316710682671162
8.127970354542787,6.324632427967241
8.13714563644631,6.3365080449682365
8.14632779160657,6.348377702682398
8.149389796189745,6.352333403885147
8.155515396664375,6.360244126493029
8.161642725848521,6.368154585247017
8.161642725848521,6.368154585247017
8.170835893832665,6.380021396414233
8.180030156253553,6.3918916417098135
8.180030156253553,6.3918916417098135
8.189223781822484,6.403767471674615
8.198415056753692,6.4156507845125486
8.20454045267623,6.423577956892995
8.213724207989825,6.435477167394682
8.213724207989825,6.435477167394682
8.22290148342011,6.447387464368726
8.22290148342011,6.447387464368726
8.232071002908302,6.459309608096905
8.2442831205945,6.47522493242983
8.2442831205945,6.47522493242983
8.250382645016181,6.483190858148691
8.259523240735959,6.495149900217333
8.268653062585932,6.507120685562982
8.268653062585932,6.507120685562982
8.28080915822151,6.5230986891826275
8.28080915822151,6.5230986891826275
8.286879985316915,6.531094300439611
8.29294612294319,6.539093854741888
8.299007714544247,6.547096966291559
8.308091993734443,6.559107391808311
8.308091993734443,6.559107391808311
8.31716725451108,6.571123397113194
8.329255234184759,6.5871507168032135
8.329255234184759,6.5871507168032135
8.335294647798381,6.59516588181685
8.344349056557924,6.6071891824193045
8.344349056557924,6.6071891824193045
8.353398926688337,6.61921178629386
8.365460615758002,6.635238312087736
8.365460615758002,6.635238312087736
8.371490273299491,6.643249122980205
8.380534360369756,6.655261241899846
8.389579055205136,6.667267494186977
8.392594292035971,6.671268109811157
8.398625521260067,6.679266954318352
8.398625521260067,6.679266954318352
8.410692046777472,6.695254406279454
8.416727879179279,6.703242705863533
8.416727879179279,6.703242705863533
8.425785487268541,6.7152180830532515
8.43787045443653,6.731171826152977
8.43787045443653,6.731171826152977
8.449965669178928,6.747110352249115
8.449965669178928,6.747110352249115
8.459044132943028,6.759054629902246
8.468128677488949,6.770991156998221
8.471158190208572,6.774968375696302
8.477219160130142,6.782920525559519
8.483282641025752,6.790869807181409
8.489348511975793,6.7988164543434095
8.489348511975793,6.7988164543434095
8.498451472854601,6.810732035880162
8.507558890627088,6.82264314764701
8.507558890627088,6.82264314764701
8.516670087126311,6.834550720618271
8.528822908209415,6.850423626869046
8.528822908209415,6.850423626869046
8.540979158545321,6.866294172821619
8.544018521733129,6.870261694316418
8.550097390569944,6.878196822832127
8.55921557737362,6.890100187478715
8.55921557737362,6.890100187478715
8.571371670585885,6.905973768931794
8.571371670585885,6.905973768931794
8.58048662488845,6.917881641197946
8.589598984000585,6.929792440839905
8.589598984000585,6.929792440839905
8.598708132638045,6.941706613162894
8.60174370858072,6.94567881454361
8.61084777885927,6.957597984202969
8.61084777885927,6.957597984202969
8.622979841356408,6.973496409292418
8.632073529023199,6.985424945111353
8.635103706915734,6.989402012735295
8.641162472013201,6.9973574519541
8.641162472013201,6.9973574519541
8.650246655825212,7.009293755967253
8.659326171997343,7.021233593805826
8.668401208876324,7.033176625483778
8.668401208876324,7.033176625483778
8.680494805302468,7.049104909327097
8.680494805302468,7.049104909327097
8.68653908841203,7.0570705547025145
8.6956027415908,7.069020474079717
8.70466351325003,7.080971656987376
8.707683223599858,7.08495556950324
8.713721951235668,7.092923546629042
8.722778634039022,7.104875584358219
8.722778634039022,7.104875584358219
8.734852502115311,7.120810926829548
8.734852502115311,7.120810926829548
8.740889098822239,7.128777948168299
8.749944057505823,7.140727261729851
8.749944057505823,7.140727261729851
8.758999581988803,7.1526747231792145
8.768056192742733,7.164619938311913
8.768056192742733,7.164619938311913
8.777114358184203,7.176562574813285
8.786174489569637,7.188502364321725
8.79523693797699,7.200439102525254
8.79523693797699,7.200439102525254
8.804301987434576,7.212372651919929
8.81336984696911,7.224302945191015
8.81336984696911,7.224302945191015
8.825464923529955,7.24020494330702
8.825464923529955,7.24020494330702
8.834539749773628,7.252127736127025
8.843617569036818,7.264047497406448
8.846644159594321,7.2680201083932126
8.85572581475523,7.2799361250448476
8.85572581475523,7.2799361250448476
8.867838825929582,7.295820259512078
8.873896952606817,7.303760848007354
8.892213111730463,7.3276595656854076
8.901495414852716,7.339678439462313
8.91413667880882,7.355853170802834
8.923876206242612,7.368132226610812
8.944195396211878,7.393174303268439
8.954867663051228,7.4059896970079055
8.962195740236043,7.414655284229878
8.989351885113788,7.4458347012363
9.005904388650842,7.464232485855158
9.014468478990052,7.473591149533775
9.027656535135145,7.487818435464356
9.055299607826404,7.516961311178595
9.07457195486819,7.536838622889363
9.08938690173048,7.551933269492656
9.11991157304588,7.58246589000752
9.140758819868118,7.602948174278655
9.156595978505212,7.618301569063824
9.172557289639196,7.6335937968796115
9.188675523879592,7.648763268676539
9.226539168965145,7.683445499599844
9.237409257109933,7.6931179717475375
9.25877285449358,7.712255632406552
9.279686148457555,7.731012188061034
9.309346071730172,7.758702872801225
9.327396587476068,7.777043993226784
9.339784463833906,7.790819689868565
9.35108648495317,7.804650052272557
9.364222811672409,7.823273160344927
9.379616024732124,7.851682725054345
9.386953545054093,7.8709948322331496
9.389743120008402,7.880778575337358
9.394802744177328,7.910640247580639
9.39517680876084,7.915696710099489
9.39443861079425,7.951712520675563
9.393287341978848,7.962181224397477
9.38980447408478,7.9833866202011965
9.382354621940523,8.01571037644645
9.376258369699483,8.0375582648722
9.371332766646571,8.054046326878947
9.366205447869177,8.070604795515141
9.35926578309487,8.09273933003264
9.348863059817377,8.126022324292856
9.342156904302216,8.148205016974405
9.337265808535719,8.164837396229872
9.33086107403829,8.187033740199004
9.327687575501349,8.198147747577483
9.31820964280042,8.231574117987648
9.311805486456235,8.253965353778678
9.306928948374072,8.270820458591508
9.300428548553427,8.293334584903464
9.297179016834725,8.30460697671264
9.28431427348641,8.349729411819213
9.278188663468063,8.372213205462758
9.272287923163558,8.394622627079121
9.269458050245227,8.405783599024543
9.265388638792519,8.422457528278201
9.25764046558559,8.455626720304114
9.25392848758136,8.472124206695485
9.250275522284493,8.488575544085581
9.243037238443845,8.521367404726526
9.23808491617437,8.543203350622115
9.23296507934853,8.565041497286163
9.227741342593669,8.58686241438227
9.221121999384858,8.614101772960627
9.218497211682301,8.624970646866123
9.210660138516026,8.657500949322419
9.206869279298113,8.673690332621874
9.201887955687349,8.695219080441369
9.195759357179172,8.722046689813464
9.19088613814319,8.743460585466496
9.187236811568733,8.75949845768176
9.183626847381689,8.775507104904504
9.17877850096397,8.796841282825369
9.172794215957406,8.823388828642571
9.169512886970411,8.838970084214868
9.163914487597879,8.868972402053679
9.161339397969462,8.887623467232189
9.16054679274899,8.896386828633137
9.160117893396828,8.908634601084316
9.163147230844574,8.932855535478245
9.165169423604842,8.938514374647577
9.17452367578006,8.951895573626093
9.1810569131396,8.956591661468018
9.188812604563708,8.959948444576812
9.197736906682348,8.962076324459272
9.218909218132383,8.962687411115697
9.230988817919272,8.961423269776642
9.257738720392986,8.95618201390957
9.277180385057143,8.951134730587176
9.28221394528187,8.949708448788828
9.31903417738111,8.938346537124318
9.33548657518941,8.932981270670313
9.352236135608717,8.927394061170983
9.368954604031048,8.921923523769395
9.40195152817559,8.911723887894563
9.423053971040826,8.906029152606616
9.447645092231877,8.900969251902518
9.456773802240692,8.899743633707063
9.481483810453504,8.89923745541909
9.495604650682695,8.901781817004737
9.504970505255248,8.905276274554993
9.51330214514481,8.910152358416681
9.522793883038391,8.918825180859368
9.533814467508797,8.936327164462643
9.537977631414698,8.946994261508776
9.541238850018958,8.958882022491222
9.545482050677121,8.985900245744789
9.546281272918336,8.995769365271283
9.547007019852812,9.027584082653407
9.5464680579185,9.050250851063812
9.545652293257387,9.06783605709353
9.544562251084372,9.08580888207476
9.541851804262617,9.122522470224062
9.540353906851143,9.141084843543823
9.538323206441113,9.165875268485982
9.535645853749799,9.196802800990314
9.534036573923988,9.21522404958795
9.531867632692578,9.239566617682856
9.530723349291046,9.251647301243054
9.527132740008792,9.287424461359468
9.525295419845213,9.305010231352982
9.522219516814268,9.333836071390278
9.519174412278158,9.362051527290582
9.51679045305111,9.384202517068566
9.515651257461327,9.395134174135723
9.51455664538083,9.405973142855917
9.511059176468603,9.448464815342756
9.510337073310547,9.46407406990504
9.510186927344318,9.479548279034477
9.512162584075956,9.510067070058827
9.514597847785424,9.525139594935846
9.518179178047587,9.540120966104677
9.524838357340816,9.55993361005684
9.536427963060836,9.584482566965049
9.54511752380214,9.599082776067691
9.555045398177075,9.61356340230036
9.582917328979265,9.646860727791067
9.587396883765303,9.651555878315868
9.616618308832098,9.679396781071201
9.63809445393971,9.69765106032329
9.649354932941588,9.70669318213537
9.684808649975503,9.73356120431653
9.703257880075956,9.746857824364174
9.721837575919455,9.760166490838696
9.758983214590987,9.786792256929852
9.782935755541658,9.80475896792789
9.794469149945034,9.81385220504986
9.826765326104566,9.841541391752035
9.841179512174211,9.85550215176016
9.866106296802592,9.883463878173119
9.876348693906923,9.897181869073894
9.885001346944557,9.910525087313058
9.897304341642752,9.935494707909427
9.900986897874878,9.94691619991183
9.903086524175597,9.957526071865251
9.903037824759597,9.976226486577852
9.900609933997455,9.986988199125651
9.896933696470064,9.9965844295002
9.894825334407747,10.001033963232002
9.887846721998333,10.013624189775552
9.883298268866756,10.021724359834478
9.880068470542318,10.027889544418736
9.87700258674416,10.03428998225287
9.871210239363931,10.048348621145127
9.867735958933734,10.058933583722302
9.866177438098537,10.06464948880751
9.862262925167148,10.083670637318516
9.860944461289446,10.094266789236451
9.860153596666246,10.109492887144738
9.860470824333527,10.125890378213652
9.861527991480633,10.138896388322378
9.866105374788342,10.166483455650594
9.869603890790644,10.180975249274498
9.873927040741101,10.195854288199696
9.88300568144405,10.221343150180719
9.889685002308253,10.236973649447107
9.905848942110214,10.268696781110556
9.918721091829234,10.290028545797176
9.929409489641621,10.306031688351593
9.944986845591933,10.327317317639901
9.957599700696898,10.343211980699612
9.984812628527939,10.374647858954928
9.994393876218835,10.385011235124718
10.009198873931606,10.400471970262384
10.045193976110118,10.436004256635968
10.061109121686679,10.45105039654176
10.077232068353645,10.466012610630314
10.098920923524265,10.485831642933153
10.126267044038006,10.51055089590594
10.14821000039361,10.530346943071107
10.159181556840275,10.540277027243679
10.197321502240417,10.575197369993905
10.20811577981446,10.58524310330396
10.23482479364268,10.610505688071928
10.250644973763382,10.625774981883136
10.271468134794397,10.646254064012991
10.28685213705525,10.661677648420278
10.322126640169264,10.697964157446364
10.332041536786592,10.708386974241096
10.356567601605946,10.734541570020737
10.371148929595044,10.750305044677669
10.39529306626686,10.776671879305498
10.414552525667965,10.79784572304307
10.429038533280444,10.813768625203256
10.448497203476775,10.835065760674556
10.473199796729755,10.861781985961215
10.488286586801882,10.877842006214498
10.519128787290002,10.909911167566545
10.534926154830739,10.925867488841249
10.545588855360599,10.93645356781699
10.578248005186802,10.967861324302728
10.594901478033803,10.983295568763078
10.628924217020757,11.013482460896254
10.652109365976486,11.032984869768553
10.663841163344394,11.042530650749358
10.681599353304206,11.05657515483556
10.723747209427971,11.087977909274812
10.735964466838025,11.096586478934444
10.754422590035631,11.109221977386932
10.79779455849792,11.137447625929289
10.816481994669799,11.149090788277757
10.84138147739079,11.164288103590996
10.872403463402408,11.18292512803434
10.890894206910133,11.193996511469043
10.915335568910752,11.208718118648694
10.927476752476835,11.216095176315644
10.963363250717292,11.23842818339184
10.98687496436231,11.253630314673886
10.998488548050553,11.261342730874933
11.0327115101558,11.285034778016286
11.055144355287084,11.30136326872585
11.077247436559897,11.318083005527033
11.093702005351286,11.33086204063915
11.110114527268982,11.343819829979456
11.148100153682796,11.374633044637749
11.164109530428066,11.388082107934698
11.18507968060004,11.406200826681891
11.205222898826692,11.424638115498938
11.219615353282462,11.43869014553186
11.233171707492394,11.453006933038411
11.257474501877262,11.482398009381107
11.271188117811874,11.502652441259867
11.282813620694615,11.523409093078088
11.290066132792434,11.539312587633415
11.297900526135756,11.56086683512451
11.304795974306057,11.588295213221828
11.308557470317087,11.616160097927342
11.30929040417404,11.627378045517382
11.309426493775206,11.661049487541964
11.308382536724332,11.67787351540567
11.306077428818776,11.700216151901158
11.303052239216617,11.72236275060011
11.299376896425771,11.744316155637836
11.296284698030359,11.76064477346753
11.291770995913344,11.782248802024984
11.285735718264865,11.808971213788892
11.281884234643078,11.82489942294959
11.27671535478656,11.845979712838247
11.269157135639999,11.877274054396846
11.264431258593914,11.897926369738705
11.261115619842329,11.913313716273336
11.25802676542926,11.928620262781264
11.254275421625053,11.948922056234421
11.249127535199795,11.979302413598873
11.245989000234946,11.999545549397236
11.243727317859243,12.014754458968662
11.24157815170201,12.02998839512507
11.238917695382234,12.050334241014086
11.235996631513197,12.075821432787997
11.234454636990993,12.091166809391957
11.231962297795555,12.121970175214132
11.231031381404149,12.137431364185964
11.230206087800484,12.152981048826978
11.229232660209016,12.173864276975475
11.228311930261151,12.194948429330353
11.227564188523306,12.210922399718717
11.226009375320766,12.24319840572011
11.224812526564723,12.264970241560924
11.223790353087173,12.281427149033743
11.222289479354226,12.30350076351866
11.221042891496117,12.320143590293869
11.218412215596583,12.353517477763322
11.21642885420651,12.375847414559207
11.21541339349215,12.387006326965855
11.21187656102139,12.425920050919165
11.210886795604514,12.436981032786528
11.209062545191665,12.458958748499683
11.207361664081226,12.48077399740988
11.205608413413032,12.507717810386225
11.20442655517016,12.5290464110512
11.203730305587577,12.544884979354164
11.202632085221676,12.576255203791616
11.202162905674754,12.596933597257973
11.201990326908291,12.607214023945039
11.20183501227749,12.622554083484355
11.20164151464998,12.653080464599556
11.201562855503198,12.668296663844275
11.20152348376438,12.688528653179523
11.201274478777643,12.718932058009031
11.201102186637232,12.739201631470337
11.201010746242188,12.74934221750113
11.200624234776262,12.77984159758469
11.200405150562013,12.800188466407315
11.200213061950139,12.815481034002861
11.199971136682235,12.830814359922055
11.199527988097756,12.851342247755797
11.198816590510273,12.877118701778858
11.198182260619319,12.892700737341153
11.196376368075589,12.924150538818184
11.195619920345488,12.934714247713597
11.192666826572689,12.966736850454762
11.19086021951053,12.982905775117263
11.188114314870553,13.004620291121068
11.186566493563019,13.015556502103504
11.180761662454849,13.053998095717784
11.179012487731754,13.0650170019733
11.173924996143848,13.098023096874291
11.171549486624194,13.114473190175039
11.169331300800023,13.130890268079728
11.167406351070547,13.147215356418565
11.164436835477257,13.179689269684562
11.16351202945154,13.195804585651851
11.162842953117794,13.22782446181857
11.163208079773224,13.249076847280046
11.163646966017586,13.259667547620518
11.164619170900945,13.275509836721374
11.167569657716458,13.307082893758421
11.169421596564796,13.322868997832177
11.174383283510123,13.354154943916239
11.178746574126171,13.374742899051357
11.184206651029431,13.39498694938362
11.189180185558689,13.409857850438545
11.197249529587092,13.42916734159715
11.20995727379221,13.452330193304944
11.22236720446758,13.469993097253507
11.229351161420539,13.478520981948769
11.253399084210603,13.502872674048115
11.267155902643516,13.514368810091906
11.28201458127944,13.525432294088835
11.303370027061042,13.539547151383912
11.326338538263643,13.552999554175369
11.357063663281703,13.569012347325906
11.382860427880017,13.581322589073526
11.409118825492152,13.593436178734622
11.44212437870589,13.608496892458488
11.45520705546533,13.614559808391657
11.493080414605679,13.633279091097213
11.510883269537693,13.643067881540448
11.527713377492052,13.653202917485403
11.548526686276418,13.667284323422743
11.571640324140903,13.685893829844108
11.584078013607263,13.697584913497439
11.605543640993801,13.722205631206045
11.611945912201035,13.730710310698948
11.623878284387317,13.748138104205442
11.640371611721013,13.775160655341203
11.64837828600544,13.7889565916193
11.65641162218961,13.802857817330903
11.673303384592511,13.830828753721994
11.682305449877681,13.844795677939805
11.691799500757803,13.858725300163439
11.712498567736018,13.886366029531427
11.723774574117686,13.90002881609865
11.735698918555855,13.91357959530884
11.75712403971958,13.935918944518805
11.77563560593492,13.953536879237172
11.79029276370009,13.966588427107908
11.810759782018497,13.983747692499541
11.837704275853817,14.004805204224828
11.860193529364688,14.021341602085656
11.871697019556164,14.029508981212258
11.906927063882321,14.053605564597941
11.930833599249844,14.069363848953994
11.954935815467879,14.08492056893941
11.9790347806147,14.10028652484989
11.99104987275435,14.10791002399146
12.026844171388856,14.130609938341662
12.056136977341067,14.149367798536751
12.067677842640006,14.15684415870203
12.096029683211244,14.175499904679883
12.118164598002027,14.190405666025312
12.134470364103164,14.201569275011407
12.155762608481277,14.216433702493868
12.181748534335998,14.234966834597383
12.202126185140994,14.24975228517394
12.21223017328015,14.257119469312135
12.242280557142694,14.27910525667498
12.26222471115491,14.293654941536674
12.272246158709262,14.30089407618948
12.302506236335772,14.322450154143493
12.317881125241438,14.333133412881667
12.349307892302004,14.354305029573311
12.37085129270425,14.368299420739598
12.381819256166528,14.375275642948582
12.398560394984214,14.385733184529363
12.433043276178985,14.406697352856447
12.45677025257527,14.420813951735667
12.468844500107055,14.427943040733071
12.512061613874238,14.453392573237691
12.537323916552827,14.468355130947614
12.55006263000482,14.475960438870445
12.575670031854495,14.491419796235787
12.601414500024768,14.507222940476561
12.633481374718546,14.527435012179643
12.65893996864372,14.543985353978965
12.677834485115323,14.556610718591868
12.714885477160802,14.58237953246065
12.733014056715108,14.595543241219927
12.756743633862571,14.613384116827019
12.785656876891892,14.636120427835994
12.802640727033554,14.65001474598385
12.819379058986724,14.664080945111746
12.841346717432476,14.683089104832474
12.868194169549174,14.707133324843323
12.88933520812262,14.726589594598284
12.905002965778461,14.741252208561024
12.925640175587246,14.76078373020947
12.951207150198034,14.78508680142583
12.966440550011999,14.799531353439807
12.996961133075212,14.827972514840914
13.012275119801654,14.84187244475272
13.02760322805812,14.855374041529798
13.048090238918826,14.872679079343738
13.07369159536407,14.892580879017792
13.094028462548676,14.906683586107981
13.109116695861665,14.915917303783043
13.138684182333943,14.930187933871776
13.153103920838195,14.935018107994845
13.167253626235421,14.938185394519081
13.190218260376776,14.939748451884144
13.203646859804191,14.938576955699679
13.229723255043078,14.93163768654509
13.246602876143502,14.924195363524746
13.259027770116855,14.917343332432173
13.275310707758774,14.906732804577807
13.283341650298826,14.900899446209246
13.307040650822602,14.881795983399307
13.318690064729054,14.871598689899312
13.337842245044406,14.854008911637521
13.352948116409296,14.839606512644226
13.364172506683715,14.82881608405547
13.379161819668509,14.814954754913582
13.398009050399764,14.798776539491737
13.409445739388767,14.789977983000755
13.421107970970105,14.78212315629564
13.449241368482811,14.768469730776102
13.457569406328698,14.76597104465814
13.470295846320093,14.763505332269649
13.49653579083509,14.763434361927674
13.510041888907597,14.7659048467661
13.528319025309525,14.771760542566343
13.556280106683323,14.785857281906365
13.575110152776677,14.79851372391248
13.589304784016955,14.809559787934385
13.60831981228817,14.82615627963819
13.61785218861488,14.835174277689806
13.651340354042443,14.869907539401076
13.670640937230802,14.891544923313976
13.685215062625664,14.908395911066016
13.699877780347917,14.925663527388146
13.719641782249605,14.949156178711588
13.749809828006292,14.984817002046464
13.770306948409383,15.008545912926904
13.780677437582918,15.020317596977462
13.796384879903755,15.037790827174975
13.828440794929865,15.07176181208417
13.850118482931718,15.09311983906506
13.871973498600722,15.113277933490961
13.888479274044768,15.127532144658339
13.921476038434957,15.153448459056229
13.937919859465389,15.165115902569696
13.95426378413519,15.175869939810873
13.97048464569264,15.18578006403255
14.002398997786766,15.202892484975969
14.018053511123746,15.210245467365226
14.038468199932618,15.218435394109216
14.063194127353539,15.22628266448491
14.08229756642202,15.230530920722902
14.091613850952875,15.232017773355123
14.123297518311213,15.234522534981362
14.136481053657622,15.234518557244256
14.149500362715585,15.23411298103095
14.166708155600997,15.233326426324933
14.18813873533707,15.232604502678967
14.201013290012181,15.232629785102404
14.21828044718363,15.233541674651297
14.244380418795854,15.237356365755314
14.257559132166378,15.240599227854968
14.270820595951035,15.244823152874782
14.28862759941769,15.252067769938781
14.315750880280966,15.266576293916172
14.329426408954019,15.27543431030613
14.34781183435985,15.288870258769682
14.361734836974017,15.300118651785754
14.375725159464109,15.312286618335387
14.403993748158355,15.33914625358402
14.41827481027686,15.353677348612893
14.44713792643963,15.384522091475825
14.461690420104418,15.400645162416387
14.476337436104325,15.417126367942315
14.505922703800662,15.450901031893503
14.52082851958827,15.468029008073144
14.545842461192759,15.49670714650404
14.56598904357648,15.519641386115667
14.581173607366434,15.536767771445389
14.596406410539359,15.55377544934223
14.611709483836226,15.570660524299944
14.647602473636525,15.609437627170701
14.663040342364514,15.625762070125967
14.683665028267226,15.647256984759386
14.69917567996462,15.663201101576039
14.719848324733023,15.684193573584762
14.740543001676766,15.704953433713657
14.75089639179031,15.715260081984617
14.792173668908626,15.755997406095522
14.807601139929126,15.771144776683496
14.822980230595292,15.786242083877537
14.84343078373787,15.806364994274603
14.858684998910027,15.821436292373912
14.894063066051796,15.856751951848736
14.90916952465269,15.872036241125539
14.924245275787467,15.887434271003002
14.954384847742535,15.918684141247631
14.959407259091856,15.923955131246192
14.964426563933694,15.929241632736181
14.994457617211587,15.96126193919135
14.999448497168167,15.966646469170296
15.004428240209997,15.972037128054948
15.014346422891943,15.982827333916404
15.029097455977416,15.999006076753858
15.04365934189536,16.01512828514288
15.048463527570927,16.02047950454343
15.053240093318912,16.025815474297463
15.062704183733723,16.036432520961917
15.076656408170859,16.052188029589754
15.09028689518899,16.06769113446559
15.0947544765798,16.072794223093403
15.103571955874328,16.082893606879445
15.112229795042328,16.09284114352932
15.120726287201167,16.102627104915733
15.129061602933131,16.112243486796096
15.141267243749327,16.126336686838567
15.149212003893345,16.135505129136114
15.149212003893345,16.135505129136114
15.16085511210648,16.14891213587348
15.172191653149815,16.161905029987185
15.17590737079009,16.166145121253063
15.183251231697342,16.174491715064516
15.183251231697342,16.174491715064516
15.194067110512483,16.186687376404464
15.20467490270648,16.19851369942115
15.215111432440994,16.20999785865684
15.215111432440994,16.20999785865684
15.228823156705536,16.224834037510664
15.228823156705536,16.224834037510664
15.235615284446533,16.232072098458257
15.245751510559353,16.242736379449035
15.25585270293768,16.25320497275145
15.25585270293768,16.25320497275145
15.265946378494426,16.2635189846189
15.276056529100835,16.273719427197317
15.279433841138033,16.27710131853628
15.286203276648271,16.283846528107567
15.286203276648271,16.283846528107567
15.29640274941251,16.293939021559314
15.306667387563975,16.30403321764784
15.317005795689145,16.31416268635965
15.317005795689145,16.31416268635965
15.32742251909142,16.324358161529275
15.337918921897415,16.33464655273415
15.337918921897415,16.33464655273415
15.348493427573626,16.345050712698296
15.348493427573626,16.345050712698296
15.359141586929162,16.35558948698235
15.369856624426555,16.366277434774588
15.380629925875736,16.377124717808126
15.384232244086997,16.38077704129923
15.384232244086997,16.38077704129923
15.39145129882711,16.38813730139565
15.405935265103482,16.403080245396445
15.405935265103482,16.403080245396445
15.424090347967686,16.422164136419504
15.424090347967686,16.422164136419504
15.434989411877753,16.433816382228038
15.44587960548546,16.44560546678151
15.449505952139646,16.44956305151466
15.456751049875344,16.457516412479272
15.456751049875344,16.457516412479272
15.467595174115122,16.46953209562836
15.478404749073205,16.48163389628282
15.478404749073205,16.48163389628282
15.489174094005024,16.493802136256154
15.499899277506369,16.50601645810755
15.499899277506369,16.50601645810755
15.51057801685037,16.518256410780744
15.521209711386811,16.5305018328031
15.521209711386811,16.5305018328031
15.531795148842697,16.54273346237464
15.542336733647918,16.55493297536603
15.542336733647918,16.55493297536603
15.552838013325205,16.567083609765746
15.56330378991157,16.57917015809881
15.573739626206718,16.591179469095923
15.577212674874225,16.595163409896248
15.584151919322508,16.603100339190643
15.594547466582261,16.61492383626238
15.594547466582261,16.61492383626238
15.604933228516309,16.626643381506064
15.604933228516309,16.626643381506064
15.615316204493539,16.638254677278052
15.625703151606505,16.64975574922313
15.625703151606505,16.64975574922313
15.63956945322977,16.664919815966933
15.649989221562345,16.676168379312536
15.656947937558034,16.683610761889682
15.656947937558034,16.683610761889682
15.663917775409377,16.691010022238647
15.6743954203813,16.702033026133734
15.6743954203813,16.702033026133734
15.684902596447579,16.712972746371374
15.695440602755978,16.723839026174016
15.695440602755978,16.723839026174016
15.70600972732282,16.73464253981499
15.716609174726527,16.745394614283125
15.727237265788897,16.75610681585925
15.727237265788897,16.75610681585925
15.74144787887828,16.770347966431633
15.74144787887828,16.770347966431633
15.752131155888952,16.78101227649948
15.752131155888952,16.78101227649948
15.762831460900593,16.79167450640386
15.777116876405058,16.80590489878668
15.777116876405058,16.80590489878668
15.784264038372532,16.81303226085061
15.794985917635548,16.82374532608779
15.794985917635548,16.82374532608779
15.805704535620212,16.834490930941563
15.816414741863378,16.845274855341763
15.816414741863378,16.845274855341763
15.827111653297662,16.856101548461695
15.83779071885023,16.866974156533278
15.83779071885023,16.866974156533278
15.848447908412716,16.87789444900321
15.862617557771292,16.892529654727507
15.862617557771292,16.892529654727507
15.876735854186576,16.907247999477352
15.876735854186576,16.907247999477352
15.887288334005751,16.918337866117636
15.897808751268933,16.92946752881272
15.901308396541209,16.93318549640499
15.908297037909799,16.9406324312569
15.908297037909799,16.9406324312569
15.918753893327947,16.951827278892466
15.929180687602353,16.963046249563234
15.929180687602353,16.963046249563234
15.939579433530211,16.97428312707524
15.94995278138066,16.985531399508666
15.94995278138066,16.985531399508666
15.96374980130517,17.00053552590247
15.96374980130517,17.00053552590247
15.98095331497151,17.0192795971498
15.98095331497151,17.0192795971498
15.991259587484423,17.030509329464365
15.991259587484423,17.030509329464365
16.001559014920844,17.041719701348224
16.011855682929987,17.0529057932254
16.02215354497625,17.06406334544777
16.02215354497625,17.06406334544777
16.03245645112953,17.07518870542095
16.03245645112953,17.07518870542095
16.042767926277953,17.086279006572013
16.053091100382673,17.097332191995733
16.053091100382673,17.097332191995733
16.063428694131535,17.10834697759872
16.07378297797519,17.1193228355437
16.07378297797519,17.1193228355437
16.087617572840536,17.13389729790961
16.087617572840536,17.13389729790961
16.1049606259056,17.152022891031056
16.1049606259056,17.152022891031056
16.111913700613783,17.159246200334316
16.122360055971843,17.170054728115527
16.122360055971843,17.170054728115527
16.1328257953993,17.180834289889585
16.143309688286415,17.19158833713262
16.143309688286415,17.19158833713262
16.157313525446412,17.20589388500516
16.157313525446412,17.20589388500516
16.174851895743235,17.22373575440271
16.174851895743235,17.22373575440271
16.18187535275173,17.230863891813325
16.19241671697637,17.241550604084516
16.19241671697637,17.241550604084516
16.206479022241197,17.255795277584006
16.217027400125495,17.26648029090454
16.22405885871488,17.273606217498894
16.22405885871488,17.273606217498894
16.23811620438429,17.287868278212798
16.23811620438429,17.287868278212798
16.24514057225878,17.29500595769959
16.255669757840998,17.30572264769448
16.266188228597425,17.316453114232498
16.26969167679382,17.320033244374876
16.276694142747765,17.327198704587566
16.287186000005445,17.33796028394045
16.287186000005445,17.33796028394045
16.29766267061435,17.348738235071437
16.308123399661092,17.3595324829423
16.311606691422607,17.363134110702166
16.318567816568127,17.37034251470634
16.325521689534977,17.37755753232642
16.332468400172125,17.38477880375444
16.332468400172125,17.38477880375444
16.346341051077644,17.3992383339349
16.346341051077644,17.3992383339349
16.36364583454166,17.417339106566885
16.36364583454166,17.417339106566885
16.374011767030236,17.42820998823683
16.374011767030236,17.42820998823683
16.38781657818185,17.442711972743524
16.38781657818185,17.442711972743524
16.40505229033243,17.460843674046945
16.40505229033243,17.460843674046945
16.41538640002936,17.471720787320358
16.41538640002936,17.471720787320358
16.425717522970817,17.482593701101266
16.439491180603564,17.497080784008247
16.439491180603564,17.497080784008247
16.453267706272307,17.51155219133055
16.456712796475138,17.515167126783968
16.463604558127795,17.522393130126016
16.463604558127795,17.522393130126016
16.477396012343654,17.536828393028614
16.487748117549682,17.547639057784355
16.491200671131416,17.551239461929026
16.498108775960237,17.558435430091308
16.498108775960237,17.558435430091308
16.511937766586556,17.57280774342377
16.511937766586556,17.57280774342377
16.525784831086245,17.58715391344451
16.525784831086245,17.58715391344451
16.54311983183489,17.605051089672337
16.54311983183489,17.605051089672337
16.553534569892523,17.615771630955653
16.56395910139741,17.626479997418052
16.56395910139741,17.626479997418052
16.57439276230857,17.6371773408476
16.57439276230857,17.6371773408476
16.588317023015506,17.651425575095306
16.598768426976534,17.662102419381537
16.60225356670886,17.665659883511992
16.612712360536733,17.676328617697486
16.612712360536733,17.676328617697486
16.623175221191072,17.686993052601252
16.623175221191072,17.686993052601252
16.63364083997711,17.697654697068298
16.644107900855992,17.708315010460634
16.644107900855992,17.708315010460634
16.65806399688474,17.722529064683147
16.65806399688474,17.722529064683147
16.675505085669197,17.74030124302603
16.675505085669197,17.74030124302603
16.68596563701762,17.750968896875374
16.68596563701762,17.750968896875374
16.69642194749801,17.761640871749574
16.70687322512821,17.772317837920415
16.70687322512821,17.772317837920415
16.720799357016823,17.786562378000554
16.720799357016823,17.786562378000554
16.73819130979107,17.80438269199227
16.74166751668352,17.807948729530224
16.748617726257194,17.815082746401224
16.748617726257194,17.815082746401224
16.762509424554196,17.829358267556426
16.76945103428671,17.836499549437377
16.776389946989696,17.84364298592381
16.78332629719049,17.850788398633235
16.7902602417552,17.857935590407916
16.800657045207174,17.868659238555164
16.80758580296676,17.875809901882384
16.814512867477788,17.882961525022512
16.821438476634615,17.890113850357427
16.821438476634615,17.890113850357427
16.828362883384866,17.897266610440077
16.838747804437894,17.907995981040198
16.849131481246953,17.918724838115317
16.852592586283755,17.922300855678067
16.85951481639418,17.92945229432886
16.86989869192712,17.940177506722787
16.86989869192712,17.940177506722787
16.883746134248618,17.954472973362098
16.88720859655813,17.95804580446043
16.897597861869677,17.968761435772986
16.897597861869677,17.968761435772986
16.9114554865555,17.983041532440513
16.914920976094333,17.986610120724272
16.921853385664,17.99374547719098
16.92878780818292,18.000878334387576
16.939193440509555,18.01157279866366
16.946133309262212,18.018699172447192
16.953075470154815,18.025822911570234
16.953075470154815,18.025822911570234
16.963493073458064,18.03650360553781
16.963493073458064,18.03650360553781
16.973915915349647,18.047178517119924
16.984343907763922,18.05784786313152
16.987821020142928,18.061403125755884
16.99825557503009,18.072065541613625
16.99825557503009,18.072065541613625
17.008694714882754,18.082723222760993
17.022620040392567,18.096926921008706
17.022620040392567,18.096926921008706
17.033068306478437,18.107575472861427
17.033068306478437,18.107575472861427
17.04351968074416,18.11822103186414
17.05397362926512,18.128864182308526
17.05397362926512,18.128864182308526
17.06791527818127,18.14305231852926
17.06791527818127,18.14305231852926
17.085345401977612,18.160785007466004
17.085345401977612,18.160785007466004
17.09231789431796,18.167877827392843
17.102776639565125,18.178517246109855
17.102776639565125,18.178517246109855
17.109748939135457,18.185610513384358
17.12717809459935,18.203345663202374
17.13414883668061,18.210440777190065
17.13414883668061,18.210440777190065
17.14460368875672,18.22108482350526
17.155056823989405,18.231730693036013
17.155056823989405,18.231730693036013
17.165508077496366,18.24237851501555
17.165508077496366,18.24237851501555
17.17595735673444,18.25302834656181
17.186404635818786,18.263680179543154
17.186404635818786,18.263680179543154
17.196849955413732,18.274333941897176
17.21077419563941,18.28854171688812
17.21077419563941,18.28854171688812
17.224695560303967,18.30275221213555
17.228175516625846,18.306305191888214
17.235135037645183,18.313411505335015
17.235135037645183,18.313411505335015
17.249052833223228,18.327625221679636
17.256011299948966,18.33473243140754
17.262969616002803,18.341839740118207
17.26992789068207,18.348947041001573
17.26992789068207,18.348947041001573
17.280365467045673,18.359607743858025
17.29080357059452,18.370267833573067
17.29080357059452,18.370267833573067
17.30124256050427,18.380926972137882
17.311682790158848,18.391584831782716
17.311682790158848,18.391584831782716
17.32560559765848,18.405792800104788
17.336049969715823,18.416446544731908
17.343014108683693,18.42354785266356
17.343014108683693,18.42354785266356
17.353462338029477,18.43419787427891
17.363913164449414,18.4448454280786
17.367397378324775,18.44839404266198
17.377851907832564,18.459038122587746
17.377851907832564,18.459038122587746
17.38830934536023,18.469679508158077
17.398769751348233,18.480318173054208
17.398769751348233,18.480318173054208
17.41272160288578,18.494498856606032
17.41272160288578,18.494498856606032
17.423188935657272,18.505131293353415
17.433659138904442,18.515761204037958
17.44064081435746,18.52284647375679
17.447623676223024,18.529930726014406
17.447623676223024,18.529930726014406
17.45810009039622,18.540555310863034
17.465085702545842,18.54763725617347
17.46857888752175,18.551177918702358
17.475565978110083,18.558258662516376
17.475565978110083,18.558258662516376
17.49303753395305,18.575957518191668
17.503522757129435,18.586575114387358
17.50701816306658,18.59011407738038
17.514009423483753,18.59719169841703
17.514009423483753,18.59719169841703
17.5244973107152,18.60780749102542
17.53848268169725,18.62196102115531
17.53848268169725,18.62196102115531
17.545475883729555,18.62903754940715
17.559463056270307,18.643190386746884
17.559463056270307,18.643190386746884
17.57345095039583,18.657343219457648
17.57345095039583,18.657343219457648
17.587439272236452,18.671496321798664
17.590936393101703,18.67503466363025
17.590936393101703,18.67503466363025
17.601427814941978,18.685649881134417
17.611919295447887,18.696265411091126
17.611919295447887,18.696265411091126
17.622410815139272,18.706881266211955
17.63639960034207,18.721036204625737
17.63639960034207,18.721036204625737
17.6503885876019,18.735191568736635
17.65388588598554,18.73873045551212
17.66437795937686,18.74934717033895
17.66437795937686,18.74934717033895
17.674870387170593,18.759963879859114
17.674870387170593,18.759963879859114
17.685363292151056,18.770580462431788
17.69935480386704,18.78473548342188
17.69935480386704,18.78473548342188
17.713347757448698,18.79888969947014
17.71684626483635,18.802428085501063
17.71684626483635,18.802428085501063
17.72734251852311,18.813042758185116
17.73783999377278,18.82365658408256
17.73783999377278,18.82365658408256
17.748338834853712,18.834269426575332
17.758839188460065,18.844881147262672
17.758839188460065,18.844881147262672
17.772842234304854,18.859028156409472
17.772842234304854,18.859028156409472
17.790350568569224,18.87670842068367
17.790350568569224,18.87670842068367
17.800858154851475,18.887314558051983
17.800858154851475,18.887314558051983
17.81487145072629,18.901453569412944
17.81487145072629,18.901453569412944
17.83239334683244,18.919123168182278
17.83239334683244,18.919123168182278
17.842909352311157,18.929722663911296
17.842909352311157,18.929722663911296
17.853427523725667,18.940320453909674
17.86745509491123,18.954448221747754
17.86745509491123,18.954448221747754
17.881486420975012,18.968573069658394
17.884994828273943,18.972103837061447
17.892012319681413,18.97916485298263
17.892012319681413,18.97916485298263
17.906049944845396,18.993284875258414
17.906049944845396,18.993284875258414
17.920090947722294,19.007402364058425
17.93062380513662,19.017988928660966
17.934135142491975,19.021517503784477
17.934135142491975,19.021517503784477
17.94467026968627,19.03210242854371
17.958719583060823,19.0462139151231
17.958719583060823,19.0462139151231
17.972771541326825,19.06032358598541
17.976284923290788,19.06385074002778
17.976284923290788,19.06385074002778
17.98682596768566,19.074431610656983
17.997368306386353,19.085011644842528
17.997368306386353,19.085011644842528
18.011426659173672,19.099117162141063
18.011426659173672,19.099117162141063
18.02900249957289,19.11674728309403
18.02900249957289,19.11674728309403
18.039549479055903,19.127324473968095
18.039549479055903,19.127324473968095
18.053613792357424,19.14142640745891
18.064163269675845,19.15200212655546
18.071196846841175,19.15905225586015
18.071196846841175,19.15905225586015
18.078230905915095,19.1661020963269
18.078230905915095,19.1661020963269
18.09230049541084,19.18020088310858
18.106372098954296,19.194298422738097
18.106372098954296,19.194298422738097
18.120445827547396,19.208394601973836
18.123964608112086,19.211918417679172
18.134521820387967,19.222489280369167
18.134521820387967,19.222489280369167
18.148600220682276,19.23658231428646
18.148600220682276,19.23658231428646
18.148600220682276,19.23658231428646
18.162681187205173,19.250673545225425
18.17676488372766,19.264762810212947
18.180286251931864,19.268284801893873
18.180286251931864,19.268284801893873
18.190851472247306,19.27884994836111
18.190851472247306,19.27884994836111
18.20494111872701,19.292934794942585
18.219033945371976,19.30701722890616
18.22255766342852,19.31053744604527
18.233130082427714,19.321097120905733
18.233130082427714,19.321097120905733
18.247229651397756,19.33517434991645
18.247229651397756,19.33517434991645
18.257806630258617,19.34573047414623
18.257806630258617,19.34573047414623
18.268385620300833,19.35628501944683
18.278966645857647,19.36683796101638
18.278966645857647,19.36683796101638
18.29307787377562,19.380906026359455
18.29307787377562,19.380906026359455
18.307192775743864,19.394971181679804
18.307192775743864,19.394971181679804
18.324841557197903,19.4125485415585
18.324841557197903,19.4125485415585
18.33543355401442,19.42309279721843
18.33543355401442,19.42309279721843
18.3460275802635,19.433635446907886
18.36015606034978,19.44768985653226
18.36015606034978,19.44768985653226
18.37075472090082,19.458228851666426
18.37075472090082,19.458228851666426
18.3813553316686,19.468766312481023
18.3813553316686,19.468766312481023
18.39549245799073,19.482813924178274
18.39549245799073,19.482813924178274
18.409632919061096,19.49685892980233
18.409632919061096,19.49685892980233
18.423776644796853,19.510901393051032
18.437923565128173,19.52494137756789
18.44146078637098,19.528450993640675
18.44146078637098,19.528450993640675
18.452073624032906,19.538978932906105
18.462688206111018,19.549505523157514
18.462688206111018,19.549505523157514
18.476843662426784,19.56353890718941
18.476843662426784,19.56353890718941
18.49454229591351,19.58107729658404
18.49454229591351,19.58107729658404
18.505163787037805,19.591598533274997
18.505163787037805,19.591598533274997
18.519328510353507,19.60562470822317
18.52995412564651,19.61614270942689
18.53703887220551,19.62315391672188
18.53703887220551,19.62315391672188
18.547667531020643,19.63366950112362
18.547667531020643,19.63366950112362
18.558298064524326,19.644183583752397
18.558298064524326,19.644183583752397
18.57247508553759,19.65819996049551
18.586655590865785,19.672213506722468
18.586655590865785,19.672213506722468
18.600839684673026,19.686224112986046
18.604386281826162,19.689726291554802
18.61502747299985,19.700231667952444
18.61502747299985,19.700231667952444
18.629219053906674,19.714236068303975
18.629219053906674,19.714236068303975
18.643414525420265,19.72823721064796
18.646964013555188,19.73173697416435
18.646964013555188,19.73173697416435
18.657613994383038,19.742234982471572
18.671817557894475,19.756229280904268
18.67536909604763,19.75972730464818
18.67536909604763,19.75972730464818
18.686025292988457,19.770220023139938
18.696683882862022,19.780710691374747
18.703790942514797,19.787703326370302
18.710899078491664,19.794695035487056
18.710899078491664,19.794695035487056
18.72156331019735,19.805180851815116
18.732229980181433,19.815664564071906
18.74289909121355,19.82614616688794
18.746456006335812,19.829639562906284
18.753570657101523,19.83662564354031
18.764244684709137,19.84710298427309
18.764244684709137,19.84710298427309
18.778480551792796,19.861069443479792
18.778480551792796,19.861069443479792
18.785600129580168,19.8680512419007
18.796281560488417,19.87852213895054
18.806965465989254,19.888990875121955
18.81052731946825,19.89247997134385
18.817651858408908,19.89945743472889
18.82477750820291,19.906433923682787
18.82477750820291,19.906433923682787
18.83903213818584,19.920383976764064
18.83903213818584,19.920383976764064
18.856856671698008,19.937816047806567
18.856856671698008,19.937816047806567
18.86755473022112,19.948272346603954
18.86755473022112,19.948272346603954
18.881822719192698,19.96221062081747
18.881822719192698,19.96221062081747
18.899663976270897,19.979627911369565
18.899663976270897,19.979627911369565
18.91037208744715,19.990075306244513
18.91037208744715,19.990075306244513
18.92108273156164,20.00052044716721
18.931795905137896,20.010963334710468
18.931795905137896,20.010963334710468
18.946084100285283,20.024883644642767
18.956803247822876,20.03532118906898
18.96395078794043,20.042278257436895
18.96395078794043,20.042278257436895
18.974674295524984,20.052711880255686
18.985400463787336,20.06314310043872
18.985400463787336,20.06314310043872
18.999706231808787,20.077047578191753
18.999706231808787,20.077047578191753
19.01043877633757,20.087473008523794
19.01043877633757,20.087473008523794
19.02117413308984,20.097895871006415
19.035492407538207,20.11178892815669
19.035492407538207,20.11178892815669
19.04623451364671,20.122205595055302
19.04623451364671,20.122205595055302
19.056979592069364,20.132619519817478
19.067727687743435,20.143030653217956
19.067727687743435,20.143030653217956
19.078478832458767,20.153438959551313
19.078478832458767,20.153438959551313
19.092818521178465,20.167312209523605
19.10716379847121,20.18118024748499
19.110751001014602,20.184646431386422
19.12151477069542,20.19504295593377
19.12151477069542,20.19504295593377
19.132281818028957,20.205436401369134
19.143052181999465,20.21582672393393
19.143052181999465,20.21582672393393
19.15382591308144,20.226213867822903
19.15382591308144,20.226213867822903
19.168196231661,20.240058332166953
19.178978039714348,20.250437816470832
19.182572761857802,20.253896896355897
19.193359329145935,20.264271845178786
19.193359329145935,20.264271845178786
19.204149536205716,20.274643314679544
19.204149536205716,20.274643314679544
19.21854221957275,20.288466439531888
19.21854221957275,20.288466439531888
19.23654244245998,20.30573634217968
19.23654244245998,20.30573634217968
19.243745488787788,20.31264145389772
19.243745488787788,20.31264145389772
19.258156736870703,20.326446695912168
19.272574889928205,20.3402452549326
19.276180512880853,20.343693843178738
19.276180512880853,20.343693843178738
19.287000027043614,20.354037037521415
19.287000027043614,20.354037037521415
19.301432245650684,20.36782193067762
19.315871573098438,20.3815998946485
19.31948252408456,20.38504329285367
19.31948252408456,20.38504329285367
19.330318109292175,20.395370813184186
19.34477196932139,20.409134553790278
19.34477196932139,20.409134553790278
19.359233237269883,20.422891016305844
19.359233237269883,20.422891016305844
19.370084149762075,20.433203474385913
19.370084149762075,20.433203474385913
19.380939389930862,20.44351165744556
19.39179902290633,20.45381549169508
19.39179902290633,20.45381549169508
19.406285490895495,20.467547032653563
19.406285490895495,20.467547032653563
19.424405055587396,20.48470002934693
19.424405055587396,20.48470002934693
19.435283061659707,20.49498556902753
19.435283061659707,20.49498556902753
19.446165894608406,20.50526627431415
19.45705363861683,20.515542050400843
19.45705363861683,20.515542050400843
19.471578427304895,20.529235240822132
19.471578427304895,20.529235240822132
19.486112379747965,20.54291918432175
19.486112379747965,20.54291918432175
19.504293100597323,20.560010669234583
19.504293100597323,20.560010669234583
19.515208824414856,20.570258156339275
19.515208824414856,20.570258156339275
19.526130190936797,20.5804998964168
19.540700996961228,20.594146377487544
19.540700996961228,20.594146377487544
19.555282385365473,20.607782022913316
19.558929434987892,20.61118918653217
19.558929434987892,20.61118918653217
19.56987476998175,20.621406370681427
19.580826512031997,20.631616951019854
19.580826512031997,20.631616951019854
19.591784801640333,20.64182076806875
19.60274984939891,20.6520175859551
19.60274984939891,20.6520175859551
19.613721814249836,20.66220722404056
19.613721814249836,20.66220722404056
19.632024321274727,20.679173401975525
19.64301561775059,20.689342886875426
19.65034723036158,20.696118019563514
19.65034723036158,20.696118019563514
19.65768096445442,20.70288828641995
19.65768096445442,20.70288828641995
19.668681337532462,20.713030458002216
19.67967645401911,20.723151903660348
19.67967645401911,20.723151903660348
19.6943155378472,20.73660237492491
19.708902850987087,20.74997488039477
19.708902850987087,20.74997488039477
19.72339759743063,20.76323012778634
19.72339759743063,20.76323012778634
19.734176098314038,20.77306393023837
19.734176098314038,20.77306393023837
19.74837788232342,20.785987375093
19.758867331474836,20.7955048584613
19.762327544555962,20.798638611461183
19.762327544555962,20.798638611461183
19.772584002301688,20.807908161847863
19.782629977429984,20.81695637113841
