x,y,s
0.04553034204323681,0.20158264704703335,0
0.04553034204323681,0.20158264704703335,0
0.04562125772755741,0.201845457863379,0
0.04562125772755741,0.201845457863379,0
0.045683966693282035,0.20212980764218022,0
0.04575834085679912,0.2026436773236142,0
0.04578603219188235,0.20287408225780634,0
0.04578603219188235,0.20287408225780634,0
0.04591553404530673,0.20419375948252236,0
0.04591553404530673,0.20419375948252236,0
0.04608604167864155,0.20640989944525676,0
0.04608604167864155,0.20640989944525676,0
0.04631312549253029,0.20988535490034524,0
0.04631312549253029,0.20988535490034524,0
0.04661051512710128,0.21493741946203815,0
0.04661051512710128,0.21493741946203815,0
0.04698868763024925,0.22180620572709256,0
0.04698868763024925,0.22180620572709256,0
0.04745447264799564,0.23064781185576255,0
0.04745447264799564,0.23064781185576255,0
0.048011021741788874,0.2415361619230874,0
0.048011021741788874,0.2415361619230874,0
0.04865799739151474,0.25446909874301354,0
0.04865799739151474,0.25446909874301354,0
0.049391958644595994,0.2693780435882477,0
0.049391958644595994,0.2693780435882477,0
0.050206792709788055,0.2861375614267262,0
0.050206792709788055,0.2861375614267262,0
0.05109428007632533,0.3045770514935246,0
0.05109428007632533,0.3045770514935246,0
0.05204473800961949,0.32449378033168835,0
0.05204473800961949,0.32449378033168835,0
0.05330532067629021,0.3511276996980451,0
0.05330532067629021,0.3511276996980451,0
0.05409226834062697,0.3678622121617208,0
0.05409226834062697,0.3678622121617208,0
0.055168042020416315,0.39085469609612894,0
0.055168042020416315,0.39085469609612894,0
0.05626498826965209,0.4144228977843444,0
0.05626498826965209,0.4144228977843444,0
0.057373968373812194,0.43836118292001325,0
0.057373968373812194,0.43836118292001325,0
0.058486861107721846,0.4624826172558483,0
0.058486861107721846,0.4624826172558483,0
0.059596655003528974,0.48662190869164146,0
0.059596655003528974,0.48662190869164146,0
0.06069750843702075,0.5106373336211917,0
0.06069750843702075,0.5106373336211917,0
0.061784766695789896,0.5344118333212979,0
0.061784766695789896,0.5344118333212979,0
0.06285494526237165,0.5578534171375413,0
0.06285494526237165,0.5578534171375413,0
0.06390568695157224,0.5808949682885985,0
0.06390568695157224,0.5808949682885985,0
0.06493569800500269,0.6034935166623219,0
0.06493569800500269,0.6034935166623219,0
0.06594466609746137,0.6256290186233626,0
0.06594466609746137,0.6256290186233626,0
0.06717721605800334,0.6526506995625899,0
0.06717721605800334,0.6526506995625899,0
0.06790247721590473,0.6685338900916268,0
0.06790247721590473,0.6685338900916268,0
0.06861803511040877,0.6841881557947583,0
0.06861803511040877,0.6841881557947583,0
0.0697918200580017,0.709825447607819,0
0.0697918200580017,0.709825447607819,0
0.07094667549255755,0.7349938169334913,0
0.07094667549255755,0.7349938169334913,0
0.07163284151791685,0.7499212893448292,0
0.07163284151791685,0.7499212893448292,0
0.07254240583649417,0.7696799496244708,0
0.07254240583649417,0.7696799496244708,0
0.07367474600270574,0.7942376492698734,0
0.07367474600270574,0.7942376492698734,0
0.07435365068991744,0.8089439118206403,0
0.07435365068991744,0.8089439118206403,0
0.07503339787767158,0.8236584441056245,0
0.07503339787767158,0.8236584441056245,0
0.07594253006078466,0.8433277684914178,0
0.07594253006078466,0.8433277684914178,0
0.07685643911969876,0.863094329328295,0
0.07777646642774606,0.8829936547964354,0
0.07777646642774606,0.8829936547964354,0
0.07777646642774606,0.8829936547964354,0
0.07870354146553156,0.9030519999403763,0
0.07963818596578554,0.9232862446812301,0
0.07963818596578554,0.9232862446812301,0
0.08058053359368889,0.9437041417629254,0
0.08058053359368889,0.9437041417629254,0
0.08058053359368889,0.9437041417629254,0
0.0815303608007586,0.9643048977379157,0
0.08248713263988755,0.9850800540557819,0
0.08248713263988755,0.9850800540557819,0
0.08344769173199429,1.0059565010487663,0
0.08368829451139555,1.0111880193611675,0
0.0844112032176592,1.026917476725722,0
0.0844112032176592,1.026917476725722,0
0.08537503670806176,1.0479259598070578,0
0.08537503670806176,1.0479259598070578,0
0.08633538202761393,1.0689231120686538,0
0.08633538202761393,1.0689231120686538,0
0.08728946169813226,1.0898798639617588,0
0.08728946169813226,1.0898798639617588,0
0.08823491757186816,1.1107853063986572,0
0.08823491757186816,1.1107853063986572,0
0.08916970698497063,1.1316381508694853,0
0.0894015549786962,1.1368435156398984,0
0.0900922931992924,1.1524421866598966,0
0.0900922931992924,1.1524421866598966,0
0.0900922931992924,1.1524421866598966,0
0.09122738438089512,1.1783885592907293,0
0.09122738438089512,1.1783885592907293,0
0.09234171973715263,1.2042841342683577,0
0.09234171973715263,1.2042841342683577,0
0.09300090833117647,1.2198038282577452,0
0.09300090833117647,1.2198038282577452,0
0.09387018129727495,1.2404832553019145,0
0.09387018129727495,1.2404832553019145,0
0.0947298003630629,1.2611542096601709,0
0.0947298003630629,1.2611542096601709,0
0.0955818468212041,1.2818235093107522,0
0.0955818468212041,1.2818235093107522,0
0.09664007214818575,1.3076665659387465,0
0.09664007214818575,1.3076665659387465,0
0.09748441621188915,1.3283516947642175,0
0.09790679027131152,1.3386989936415954,0
0.09790679027131152,1.3386989936415954,0
0.09854153938221087,1.3542266848537452,0
0.09854153938221087,1.3542266848537452,0
0.09939173539342373,1.374943761617215,0
0.09939173539342373,1.374943761617215,0
0.10024837759129215,1.3956766685247015,0
0.10024837759129215,1.3956766685247015,0
0.10111341296954147,1.4164248710528466,0
0.10111341296954147,1.4164248710528466,0
0.1019883164076167,1.4371869125935814,0
0.1019883164076167,1.4371869125935814,0
0.10309722187959872,1.463155481559609,0
0.10309722187959872,1.463155481559609,0
0.10377102025143133,1.4787430316022516,0
0.10377102025143133,1.4787430316022516,0
0.10467924009733205,1.4995310655208605,0
0.10467924009733205,1.4995310655208605,0
0.10559821996619795,1.52032121456965,0
0.10559821996619795,1.52032121456965,0
0.10652710625257553,1.5411099633855558,0
0.10652710625257553,1.5411099633855558,0
0.10746473012138383,1.5618938999868797,0
0.10746473012138383,1.5618938999868797,0
0.10840967198691939,1.5826698566793398,0
0.10840967198691939,1.5826698566793398,0
0.10936034211363538,1.6034350266519057,0
0.10936034211363538,1.6034350266519057,0
0.11031506123104198,1.6241870540650734,0
0.11031506123104198,1.6241870540650734,0
0.11151158103275433,1.6501058514511773,0
0.11151158103275433,1.6501058514511773,0
0.11222993665762249,1.6656448584694714,0
0.11222993665762249,1.6656448584694714,0
0.11318694164524801,1.6863486010893742,0
0.11318694164524801,1.6863486010893742,0
0.11414181035379387,1.7070351231438405,0
0.11414181035379387,1.7070351231438405,0
0.11509341051498984,1.7277047238723229,0
0.11509341051498984,1.7277047238723229,0
0.11604084824616438,1.748358146479659,0
0.11604084824616438,1.748358146479659,0
0.11698348514831508,1.7689965079461931,0
0.11698348514831508,1.7689965079461931,0
0.11792094081736121,1.7896212193936472,0
0.11792094081736121,1.7896212193936472,0
0.11908529717471698,1.8153853948582492,0
0.11908529717471698,1.8153853948582492,0
0.12001096599815511,1.8359854980804449,0
0.12047196897840097,1.8462824175040027,0
0.12047196897840097,1.8462824175040027,0
0.12116134739086039,1.8617244984380341,0
0.12116134739086039,1.8617244984380341,0
0.12207693098878877,1.8823088831939656,0
0.12207693098878877,1.8823088831939656,0
0.12298903560027562,1.9028889153471713,0
0.12298903560027562,1.9028889153471713,0
0.12389840917660619,1.9234659727062053,0
0.12389840917660619,1.9234659727062053,0
0.12480583386258398,1.9440412069746336,0
0.12480583386258398,1.9440412069746336,0
0.1257121069044108,1.9646155174499682,0
0.1257121069044108,1.9646155174499682,0
0.12684449112229365,1.9903330485545083,0
0.12684449112229365,1.9903330485545083,0
0.1275242033589852,2.0057636427220937,0
0.1275242033589852,2.0057636427220937,0
0.12865834187510772,2.031481544527288,0
0.12865834187510772,2.031481544527288,0
0.1295673677366298,2.0520559122150694,0
0.12979491341325133,2.0571994691099587,0
0.12979491341325133,2.0571994691099587,0
0.1304783193576544,2.0726299406845667,0
0.1313914395439054,2.093203107795833,0
0.1313914395439054,2.093203107795833,0
0.13230685597276332,2.1137747714090867,0
0.13230685597276332,2.1137747714090867,0
0.13230685597276332,2.1137747714090867,0
0.13322456959394846,2.1343442109161836,0
0.13322456959394846,2.1343442109161836,0
0.1341444885917256,2.154910666489994,0
0.13506643730947113,2.175473377421629,0
0.13506643730947113,2.175473377421629,0
0.13599015800401615,2.196031617297169,0
0.13599015800401615,2.196031617297169,0
0.1369153359065149,2.2165847234981597,0
0.1369153359065149,2.2165847234981597,0
0.1378416251080674,2.2371321211363284,0
0.13807332765516572,2.2422680211622192,0
0.13807332765516572,2.2422680211622192,0
0.13900048206014678,2.2628076380982116,0
0.13900048206014678,2.2628076380982116,0
0.13992790755933018,2.283340659581386,0
0.13992790755933018,2.283340659581386,0
0.1408552502719749,2.3038668902629653,0
0.1408552502719749,2.3038668902629653,0
0.14178218642396634,2.324386257576552,0
0.14178218642396634,2.324386257576552,0
0.1429398662508429,2.350025891268721,0
0.1429398662508429,2.350025891268721,0
0.14386495015305747,2.370530132836387,0
0.14386495015305747,2.370530132836387,0
0.1447889140142497,2.391028013202209,0
0.1447889140142497,2.391028013202209,0
0.14571165531606475,2.4115198599330263,0
0.14571165531606475,2.4115198599330263,0
0.14571165531606475,2.4115198599330263,0
0.14663312508352142,2.4320060506057155,0
0.14755332788920542,2.452486993367812,0
0.14755332788920542,2.452486993367812,0
0.1484723185209443,2.4729631080287415,0
0.1484723185209443,2.4729631080287415,0
0.14939018447093805,2.493434808937668,0
0.14939018447093805,2.493434808937668,0
0.15030705433126368,2.5139024885533083,0
0.15030705433126368,2.5139024885533083,0
0.15122307881510363,2.5343665045519623,0
0.15122307881510363,2.5343665045519623,0
0.15213842256681087,2.554827169175883,0
0.15213842256681087,2.554827169175883,0
0.15305325669906417,2.57528474147962,0
0.15305325669906417,2.57528474147962,0
0.15396775129439777,2.5957394225802517,0
0.15419634106138472,2.6008526589842345,0
0.15419634106138472,2.6008526589842345,0
0.15488206836533217,2.6161913538272743,0
0.15488206836533217,2.6161913538272743,0
0.15579635578130213,2.6366406176874095,0
0.15579635578130213,2.6366406176874095,0
0.1567107483000013,2.657087240792711,0
0.1567107483000013,2.657087240792711,0
0.15762535611000042,2.677531199644676,0
0.15762535611000042,2.677531199644676,0
0.1585402660968885,2.697972427454412,0
0.1585402660968885,2.697972427454412,0
0.1594555409641509,2.718410822314876,0
0.1594555409641509,2.718410822314876,0
0.16060020000203384,2.7439546353066744,0
0.16128730238375466,2.7592785843064056,0
0.16174549407884328,2.769493536056728,0
0.16174549407884328,2.769493536056728,0
0.16243295229623506,2.784814394525665,0
0.16243295229623506,2.784814394525665,0
0.16334984741521522,2.805239179025752,0
0.16334984741521522,2.805239179025752,0
0.1642670055525955,2.8256603765187496,0
0.1642670055525955,2.8256603765187496,0
0.16518434183780178,2.846077863469847,0
0.16518434183780178,2.846077863469847,0
0.16610176308072583,2.8664915377132023,0
0.16610176308072583,2.8664915377132023,0
0.1670191738196427,2.8869013219639914,0
0.1670191738196427,2.8869013219639914,0
0.16793647995664518,2.9073071660099026,0
0.16793647995664518,2.9073071660099026,0
0.16885359216421833,2.927709047519553,0
0.16885359216421833,2.927709047519553,0
0.16977042894912772,2.948106971562183,0
0.16977042894912772,2.948106971562183,0
0.1706869191920558,2.968500968983387,0
0.1706869191920558,2.968500968983387,0
0.17160300405740597,2.98889109381549,0
0.17160300405740597,2.98889109381549,0
0.17274747231227042,3.014373418137582,0
0.17274747231227042,3.014373418137582,0
0.17343379034769957,3.0296600371168245,0
0.17343379034769957,3.0296600371168245,0
0.1743484413345346,3.0500390469765453,0
0.1743484413345346,3.0500390469765453,0
0.1754910457871948,3.0755079026818812,0
0.1754910457871948,3.0755079026818812,0
0.17640457246673658,3.0958791984425242,0
0.17663287879514464,3.1009715106516973,0
0.17731762344207663,3.1162472460933053,0
0.17731762344207663,3.1162472460933053,0
0.17731762344207663,3.1162472460933053,0
0.17845831010896074,3.1417028971995338,0
0.17845831010896074,3.1417028971995338,0
0.1795983666091567,3.1671538225941216,0
0.1798263089370419,3.1722434551301038,0
0.1798263089370419,3.1722434551301038,0
0.1805100092268611,3.187511268429752,0
0.1805100092268611,3.187511268429752,0
0.18142133741213054,3.2078658596028204,0
0.1823323960131589,3.2282176496497317,0
0.1823323960131589,3.2282176496497317,0
0.1823323960131589,3.2282176496497317,0
0.1834708996003578,3.253653508039271,0
0.1834708996003578,3.253653508039271,0
0.18460911183392742,3.279085101583771,0
0.18460911183392742,3.279085101583771,0
0.18529192391145996,3.2943420207074015,0
0.18529192391145996,3.2943420207074015,0
0.18620222359403357,3.3146822047128994,0
0.18620222359403357,3.3146822047128994,0
0.1871124052758172,3.3350196688324623,0
0.1871124052758172,3.3350196688324623,0
0.18802247752984264,3.3553544010533733,0
0.18802247752984264,3.3553544010533733,0
0.18893244168795098,3.375686385223994,0
0.18893244168795098,3.375686385223994,0
0.18984229329539357,3.396015603056991,0
0.18984229329539357,3.396015603056991,0
0.1907520226379872,3.416342036075195,0
0.1907520226379872,3.416342036075195,0
0.191888990290496,3.4417461357289114,0
0.191888990290496,3.4417461357289114,0
0.19257105389992749,3.456986483153802,0
0.19257105389992749,3.456986483153802,0
0.19348031632382046,3.4773044739887022,0
0.19348031632382046,3.4773044739887022,0
0.19438938098081238,3.4976196356650964,0
0.19438938098081238,3.4976196356650964,0
0.19552539890348258,3.523009612411053,0
0.19552539890348258,3.523009612411053,0
0.19643393561654884,3.54331842405569,0
0.19643393561654884,3.54331842405569,0
0.1973422023594014,3.563624434585497,0
0.19756922462318294,3.5687005019224762,0
0.19756922462318294,3.5687005019224762,0
0.19825018071833084,3.5839276653128995,0
0.19825018071833084,3.5839276653128995,0
0.19915785463591607,3.6042281427902365,0
0.19915785463591607,3.6042281427902365,0
0.20029200245786388,3.62959991539095,0
0.20029200245786388,3.62959991539095,0
0.20142564283257247,3.6549675028340145,0
0.20165230933712158,3.6600405245501944,0
0.20165230933712158,3.6600405245501944,0
0.20233218576292705,3.6752586091019883,0
0.20323840128462153,3.6955471235686015,0
0.20323840128462153,3.6955471235686015,0
0.2041442946177164,3.7158330858058504,0
0.2041442946177164,3.7158330858058504,0
0.20504987026513266,3.7361165349028123,0
0.20527621533694884,3.7411870089535566,0
0.20527621533694884,3.7411870089535566,0
0.20595513544405697,3.7563975085237633,0
0.20595513544405697,3.7563975085237633,0
0.20686009826220128,3.7766760423189214,0
0.20776476937515853,3.796952169324612,0
0.20799089283069847,3.8020208286158974,0
0.20799089283069847,3.8020208286158974,0
0.20866915881759346,3.81722591972401,0
0.20866915881759346,3.81722591972401,0
0.20957327613380466,3.8374973206169294,0
0.20957327613380466,3.8374973206169294,0
0.21047713390683082,3.85776639578967,0
0.21047713390683082,3.85776639578967,0
0.21160660709208232,3.883099500551964,0
0.21160660709208232,3.883099500551964,0
0.21273570945479806,3.9084290378535287,0
0.21296148677734117,3.913494519792508,0
0.2136387343118926,3.928690118231078,0
0.2136387343118926,3.928690118231078,0
0.21454153583055127,3.9489489457195472,0
0.21454153583055127,3.9489489457195472,0
0.21454153583055127,3.9489489457195472,0
0.21544411702945246,3.969205530914532,0
0.21634588561145007,3.9894456699446046,0
0.21634588561145007,3.9894456699446046,0
0.21724418297300663,4.009601937812748,0
0.21724418297300663,4.009601937812748,0
0.2181397973713472,4.029709362830805,0
0.2181397973713472,4.029709362830805,0
0.21902964228447955,4.0497242077447675,0
0.21925094187504884,4.054710800515526,0
0.2199115508809578,4.069629390529208,0
0.2199115508809578,4.069629390529208,0
0.22078418753067308,4.089432390907706,0
0.22078418753067308,4.089432390907706,0
0.22164619846224087,4.109153274384583,0
0.22164619846224087,4.109153274384583,0
0.22249675002392058,4.128817517723754,0
0.22249675002392058,4.128817517723754,0
0.22312693374022974,4.1435447234716465,0
0.22354342479585382,4.153359067367771,0
0.22354342479585382,4.153359067367771,0
0.22416274230500585,4.168082715902096,0
0.22416274230500585,4.168082715902096,0
0.22497905319463707,4.187733272437266,0
0.22578540173527584,4.207424081488655,0
0.22578540173527584,4.207424081488655,0
0.22658341617028338,4.227171749015789,0
0.22678189089910786,4.2321191073669215,0
0.2273753008980091,4.2469887877452495,0
0.2273753008980091,4.2469887877452495,0
0.22816328410889322,4.266883542544829,0
0.22816328410889322,4.266883542544829,0
0.22894991965758266,4.286860259070611,0
0.2291466961624175,4.291867369393097,0
0.22973799404405332,4.3069193188851305,0
0.22973799404405332,4.3069193188851305,0
0.23053028852594454,4.327057609534935,0
0.23053028852594454,4.327057609534935,0
0.23132927178078458,4.347269002639935,0
0.23153032232085013,4.352332311278095,0
0.23153032232085013,4.352332311278095,0
0.23213707006540354,4.367544899123715,0
0.23213707006540354,4.367544899123715,0
0.23295536776105658,4.387874828263072,0
0.23295536776105658,4.387874828263072,0
0.23378526092402846,4.4082470709399155,0
0.23462735904703272,4.428649266815809,0
0.2348398110124935,4.4337530341063935,0
0.2354817563606199,4.449068995983945,0
0.2354817563606199,4.449068995983945,0
0.2363480869918595,4.469494304034241,0
0.2363480869918595,4.469494304034241,0
0.2372255398911021,4.489914158791466,0
0.23744651640942271,4.495017096080856,0
0.23744651640942271,4.495017096080856,0
0.23811299926896565,4.510318819378053,0
0.23900909610924995,4.530700119518375,0
0.23900909610924995,4.530700119518375,0
0.23991226048260247,4.551051658382827,0
0.24013896064760493,4.556134319693317,0
0.24082081052048782,4.571368898572962,0
0.24082081052048782,4.571368898572962,0
0.2417330126760885,4.5916491786683915,0
0.2417330126760885,4.5916491786683915,0
0.24264716270010106,4.611891645345679,0
0.24287581297998198,4.616946415315163,0
0.24356165136698305,4.63209711583642,0
0.24356165136698305,4.63209711583642,0
0.24447501888114473,4.652267882926962,0
0.24447501888114473,4.652267882926962,0
0.24538600514065215,4.672407475475435,0
0.24538600514065215,4.672407475475435,0
0.24629357967275783,4.692520388714424,0
0.24651980207876656,4.697544067540509,0
0.24651980207876656,4.697544067540509,0
0.24719457916374263,4.712553408590165,0
0.24808846521305536,4.732514414081471,0
0.24808846521305536,4.732514414081471,0
0.24897311215075915,4.752395330960237,0
0.24897311215075915,4.752395330960237,0
0.24984585910380339,4.772167774473017,0
0.24984585910380339,4.772167774473017,0
0.25070498960967724,4.791833463192968,0
0.25070498960967724,4.791833463192968,0
0.25154942730052526,4.811411542364896,0
0.25154942730052526,4.811411542364896,0
0.252378614320218,4.830928996435042,0
0.252378614320218,4.830928996435042,0
0.252378614320218,4.830928996435042,0
0.2531925785001386,4.850415244303061,0
0.2531925785001386,4.850415244303061,0
0.2539917752711845,4.86989908233608,0
0.2539917752711845,4.86989908233608,0
0.2549711334674433,4.894290333712054,0
0.2549711334674433,4.894290333712054,0
0.25593173978904843,4.918762256908765,0
0.25612196256018677,4.923669424475305,0
0.25631162068303365,4.928581387312893,0
0.2566894813954778,4.938420445733547,0
0.2566894813954778,4.938420445733547,0
0.25744055477121824,4.958163318600114,0
0.2581877530999259,4.977997932576132,0
0.2581877530999259,4.977997932576132,0
0.25893446709548434,4.997926851548028,0
0.25893446709548434,4.997926851548028,0
0.25893446709548434,4.997926851548028,0
0.2598725676962699,5.022967852608729,0
0.2598725676962699,5.022967852608729,0
0.26082008827931663,5.048107651817289,0
0.26082008827931663,5.048107651817289,0
0.26158659364029696,5.0682277782302725,0
0.26158659364029696,5.0682277782302725,0
0.2623626664815964,5.088354222097851,0
0.2623626664815964,5.088354222097851,0
0.26314704110189374,5.108433879875697,0
0.26314704110189374,5.108433879875697,0
0.26314704110189374,5.108433879875697,0
0.2639388711523631,5.1284442814531594,0
0.2647368318607429,5.148384115835865,0
0.2647368318607429,5.148384115835865,0
0.2655389336549923,5.168262914163938,0
0.2655389336549923,5.168262914163938,0
0.2655389336549923,5.168262914163938,0
0.26654560238849634,5.193047985483734,0
0.26654560238849634,5.193047985483734,0
0.2675527140796747,5.217792804962438,0
0.2675527140796747,5.217792804962438,0
0.2681560362290417,5.232633715881654,0
0.2681560362290417,5.232633715881654,0
0.2689588755697543,5.252427864666773,0
0.2689588755697543,5.252427864666773,0
0.26975930506143797,5.27224136807127,0
0.26975930506143797,5.27224136807127,0
0.2705573574949299,5.292085400460891,0
0.2705573574949299,5.292085400460891,0
0.27135360189965424,5.311968653840658,0
0.27135360189965424,5.311968653840658,0
0.2721489043399503,5.33189723945089,0
0.2721489043399503,5.33189723945089,0
0.27294436324643295,5.351874698364949,0
0.27294436324643295,5.351874698364949,0
0.27374123064758127,5.371902113715661,0
0.27374123064758127,5.371902113715661,0
0.2745408230602979,5.391978310211382,0
0.2745408230602979,5.391978310211382,0
0.27534443390316293,5.412100125435232,0
0.27534443390316293,5.412100125435232,0
0.27615325490439335,5.43226273627509,0
0.27615325490439335,5.43226273627509,0
0.2769683108170179,5.452460022863543,0
0.2769683108170179,5.452460022863543,0
0.27779040972225194,5.472684952067244,0
0.27779040972225194,5.472684952067244,0
0.2788281726973031,5.497979247070879,0
0.2788281726973031,5.497979247070879,0
0.2796639457060248,5.518143013128448,0
0.28008410305240544,5.528212226192954,0
0.28008410305240544,5.528212226192954,0
0.2807160670534982,5.543280731960973,0
0.2807160670534982,5.543280731960973,0
0.28177084638971117,5.5682612794764745,0
0.28177084638971117,5.5682612794764745,0
0.282612992195145,5.588114330066463,0
0.2830328826568305,5.597999894409095,0
0.2830328826568305,5.597999894409095,0
0.28366059485579753,5.612783529019781,0
0.28366059485579753,5.612783529019781,0
0.28449236059735894,5.6324267925693885,0
0.28449236059735894,5.6324267925693885,0
0.2853163914537237,5.652015201266379,0
0.2853163914537237,5.652015201266379,0
0.2863341188066633,5.676462534130856,0
0.2863341188066633,5.676462534130856,0
0.28713795261930347,5.696019393381962,0
0.28753651041340134,5.705805070794195,0
0.28753651041340134,5.705805070794195,0
0.28813041135902306,5.720499479322742,0
0.28813041135902306,5.720499479322742,0
0.28891575525853214,5.74013259337354,0
0.28891575525853214,5.74013259337354,0
0.28969503627959525,5.759824522008437,0
0.28969503627959525,5.759824522008437,0
0.2904703855982349,5.779585208533921,0
0.2904703855982349,5.779585208533921,1
0.2912441056020732,5.799420724995477,1
0.2912441056020732,5.799420724995477,1
0.2920276214550462,5.819332645555324,1
0.2920276214550462,5.819332645555324,1
0.29306011976952046,5.844325010647166,1
0.29306011976952046,5.844325010647166,1
0.2939555627872021,5.864393391991187,1
0.2941934259320757,5.869419615443255,1
0.29495012556634503,5.884517328350028,1
0.29495012556634503,5.884517328350028,1
0.29495012556634503,5.884517328350028,1
0.29608094765733795,5.904684713305914,1
0.29608094765733795,5.904684713305914,1
0.2973803673823155,5.924882503596856,1
0.2988726334284451,5.94509754036459,1
0.2988726334284451,5.94509754036459,1
0.3005725924645614,5.96531717754886,1
0.3005725924645614,5.96531717754886,1
0.30248550514704287,5.985529782407785,1
0.30248550514704287,5.985529782407785,1
0.30460756510021947,6.005725131272351,1
0.30460756510021947,6.005725131272351,1
0.3069268710745632,6.025894699234887,1
0.3069268710745632,6.025894699234887,1
0.3094246941380731,6.046031855800112,1
0.3094246941380731,6.046031855800112,1
0.3120768261740165,6.066130995531809,1
0.3127592243485007,6.071136744554775,1
0.31484608199114417,6.086109776166559,1
0.31484608199114417,6.086109776166559,1
0.31484608199114417,6.086109776166559,1
0.31770702419845026,6.106004329815161,1
0.31770702419845026,6.106004329815161,1
0.3206230087489842,6.125779408171742,1
0.3206230087489842,6.125779408171742,1
0.3235560867449346,6.145398055222315,1
0.3235560867449346,6.145398055222315,1
0.3262900019819123,6.164708557927485,1
0.3262900019819123,6.164708557927485,1
0.32859102664822176,6.183655888731315,1
0.32859102664822176,6.183655888731315,1
0.33023492212231076,6.202116044550617,1
0.33087573868994336,6.219924213342477,1
0.33087573868994336,6.219924213342477,1
0.330165168647409,6.236928519521567,1
0.330165168647409,6.236928519521567,1
0.330165168647409,6.236928519521567,1
0.3278108314913476,6.252995851562974,1
0.3278108314913476,6.252995851562974,1
0.3235802649355886,6.267965355881068,1
0.3173291697323577,6.281737646955178,1
0.3134190281561962,6.288143346829729,1
0.30902506982965855,6.294249927873563,1
0.30902506982965855,6.294249927873563,1
0.29892225634020164,6.305567246633627,1
0.29892225634020164,6.305567246633627,1
0.2872118753628388,6.3158073418822385,1
0.2872118753628388,6.3158073418822385,1
0.27425246416558674,6.325152133522473,1
0.27425246416558674,6.325152133522473,1
0.26050909892947127,6.333898417186273,1
0.26050909892947127,6.333898417186273,1
0.26050909892947127,6.333898417186273,1
0.24643502235176892,6.342375940125226,1
0.24643502235176892,6.342375940125226,1
0.23242505708852707,6.350891920779762,1
0.21880589659084873,6.359712416258892,1
0.21880589659084873,6.359712416258892,1
0.2058389431229298,6.36905881481217,1
0.2058389431229298,6.36905881481217,1
0.19372619938747948,6.379109202085281,1
0.19372619938747948,6.379109202085281,1
0.18261612823124262,6.390000848665111,1
0.18261612823124262,6.390000848665111,1
0.18261612823124262,6.390000848665111,1
0.17260871832161953,6.401832648520237,1
0.17260871832161953,6.401832648520237,1
0.16375978486538897,6.414667289357279,1
0.16375978486538897,6.414667289357279,1
0.15434798457298296,6.4321613534040925,1
0.15434798457298296,6.4321613534040925,1
0.14672117724840933,6.451252546055689,1
0.14540062630501796,6.455256585220128,1
0.14540062630501796,6.455256585220128,1
0.14182690046838659,6.4676247564180125,1
0.14182690046838659,6.4676247564180125,1
0.13707494736945178,6.489357061648529,1
0.13707494736945178,6.489357061648529,1
0.13364678160647792,6.512342262410491,1
0.1331001012592334,6.517073178654752,1
0.1331001012592334,6.517073178654752,1
0.13170416778183813,6.531504962590614,1
0.13170416778183813,6.531504962590614,1
0.13034215287731651,6.551244036023648,1
0.13034215287731651,6.551244036023648,1
0.12927602496185958,6.576569347574675,1
0.12927602496185958,6.576569347574675,1
0.1287139316327144,6.60243457289619,1
0.1286442470717339,6.607655990172702,1
0.1286442470717339,6.607655990172702,1
0.12845935083452975,6.628656969711347,1
0.12845935083452975,6.628656969711347,1
0.12836247478047955,6.649782472560434,1
0.12836247478047955,6.649782472560434,1
0.12828118669373237,6.670961033449417,1
0.12828118669373237,6.670961033449417,1
0.12815626431140592,6.692132310940917,1
0.12815626431140592,6.692132310940917,1
0.1279418091981128,6.713247523838742,1
0.1279418091981128,6.713247523838742,1
0.12760499315744525,6.734269531795503,1
0.12760499315744525,6.734269531795503,1
0.1269820451840205,6.760377805148062,1
0.1269820451840205,6.760377805148062,1
0.1263131687850065,6.781112479496248,1
0.12592271024934443,6.7914277245200845,1
0.12592271024934443,6.7914277245200845,1
0.1252706365005266,6.806836772154699,1
0.1252706365005266,6.806836772154699,1
0.12402453728782736,6.832359270853059,1
0.12402453728782736,6.832359270853059,1
0.12290937323458012,6.852652143812191,1
0.1226175547922794,6.857710651023733,1
0.1226175547922794,6.857710651023733,1
0.12141170726030051,6.87789705131642,1
0.12141170726030051,6.87789705131642,1
0.12016675786053847,6.898026703856514,1
0.12016675786053847,6.898026703856514,1
0.11891301731349431,6.918126510671706,1
0.11891301731349431,6.918126510671706,1
0.11767974944825142,6.938223351790871,1
0.11767974944825142,6.938223351790871,1
0.11649391052066711,6.95834282606175,1
0.11649391052066711,6.95834282606175,1
0.11537913214916272,6.978508192980495,1
0.11537913214916272,6.978508192980495,1
0.11435495634709875,6.998739531240956,1
0.11435495634709875,6.998739531240956,1
0.11343632025998397,7.019053118905172,1
0.11343632025998397,7.019053118905172,1
0.11263328023323006,7.039461031885291,1
0.11263328023323006,7.039461031885291,1
0.11195095927144694,7.059970951218004,1
0.11195095927144694,7.059970951218004,1
0.11126791569562139,7.085756404889739,1
0.11126791569562139,7.085756404889739,1
0.11085176911378684,7.1065015047396844,1
0.11085176911378684,7.1065015047396844,1
0.11061010651821039,7.122125013453242,1
0.11061010651821039,7.122125013453242,1
0.11037243535609231,7.143035781203336,1
0.11037243535609231,7.143035781203336,1
0.11021850350992979,7.164027195502899,1
0.11021850350992979,7.164027195502899,1
0.1101325838012589,7.185086269873063,1
0.1101325838012589,7.185086269873063,1
0.11009789872732298,7.20619860156309,1
0.11009789872732298,7.20619860156309,1
0.11009736153727527,7.22734905683565,1
0.11009736153727527,7.22734905683565,1
0.11011425733394432,7.248522420453195,1
0.11011425733394432,7.248522420453195,1
0.11013284154632438,7.269703985092489,1
0.11013284154632438,7.269703985092489,1
0.11013889431237923,7.290879087172068,1
0.11013889431237923,7.290879087172068,1
0.11011641080318799,7.317214454559824,1
0.11011641080318799,7.317214454559824,1
0.11005994003873637,7.338194790921029,1
0.11005994003873637,7.338194790921029,1
0.10996121819253281,7.359047045085376,1
0.10996121819253281,7.359047045085376,1
0.10981268406574414,7.379748561350962,1
0.10981268406574414,7.379748561350962,1
0.10960554539381474,7.400303215617007,1
0.10960554539381474,7.400303215617007,1
0.10933002590760657,7.420728308704288,1
0.10933002590760657,7.420728308704288,1
0.10898289146633934,7.440969401684417,1
0.10898289146633934,7.440969401684417,1
0.10854980173135433,7.461091708596367,1
0.10854980173135433,7.461091708596367,1
0.10802179612146014,7.481086633719321,1
0.10802179612146014,7.481086633719321,1
0.10738882736037665,7.5009550970202135,1
0.10738882736037665,7.5009550970202135,1
0.10663811930125269,7.520722708346569,1
0.10621417133979047,7.530579959589895,1
0.10621417133979047,7.530579959589895,1
0.10551429606493125,7.545332350179884,1
0.10551429606493125,7.545332350179884,1
0.10445952130571558,7.5649157002124445,1
0.10445952130571558,7.5649157002124445,1
0.10324680960095868,7.584473498437347,1
0.10324680960095868,7.584473498437347,1
0.10186846709423149,7.603992555488035,1
0.10186846709423149,7.603992555488035,1
0.09989719770742173,7.62834935470221,1
0.09989719770742173,7.62834935470221,1
0.09810672846972265,7.647831626380487,1
0.09713611438126606,7.657581778569899,1
0.09713611438126606,7.657581778569899,1
0.09558196538396196,7.672228136690269,1
0.09558196538396196,7.672228136690269,1
0.09332000017726412,7.691812077796724,1
0.09332000017726412,7.691812077796724,1
0.09083423722272228,7.711477476429233,1
0.09083423722272228,7.711477476429233,1
0.08812021761211475,7.731238148892884,1
0.08812021761211475,7.731238148892884,1
0.0844060298495294,7.756083810016783,1
0.0844060298495294,7.756083810016783,1
0.0811820487267852,7.776077212006179,1
0.0811820487267852,7.776077212006179,1
0.07774236965865446,7.796169358119086,1
0.07774236965865446,7.796169358119086,1
0.07409927270872671,7.816350800971242,1
0.07409927270872671,7.816350800971242,1
0.07026847342060448,7.836608603917375,1
0.07026847342060448,7.836608603917375,1
0.07026847342060448,7.836608603917375,1
0.06626855680539764,7.856927279459772,1
0.0621202960554445,7.877289730979158,1
0.0621202960554445,7.877289730979158,1
0.05784590028550534,7.8976781595147045,1
0.05784590028550534,7.8976781595147045,1
0.05346823579717208,7.918074901740053,1
0.05346823579717208,7.918074901740053,1
0.0490100621117954,7.938463171470801,1
0.04675791973736035,7.948648330319268,1
0.04675791973736035,7.948648330319268,1
0.04223888383498475,7.968916241190031,1
0.04223888383498475,7.968916241190031,1
0.03770070266389056,7.989099164952631,1
0.03770070266389056,7.989099164952631,1
0.03316706364511368,8.009151778477783,1
0.03316706364511368,8.009151778477783,1
0.03316706364511368,8.009151778477783,1
0.02865485783786008,8.029042508744151,1
0.02865485783786008,8.029042508744151,1
0.023052434319748183,8.053676660155602,1
0.023052434319748183,8.053676660155602,1
0.0174842127456173,8.078085528317336,1
0.0174842127456173,8.078085528317336,1
0.01415087843706602,8.09264215477235,1
0.01415087843706602,8.09264215477235,1
0.009701716692834659,8.111971102343148,1
0.009701716692834659,8.111971102343148,1
0.005230403838016136,8.131233688295895,1
0.005230403838016136,8.131233688295895,1
0.0007174254280110191,8.150455901575972,1
0.0007174254280110191,8.150455901575972,1
-0.003856778605301135,8.169661454581124,1
-0.003856778605301135,8.169661454581124,1
-0.008510633491414645,8.188871075529944,1
-0.008510633491414645,8.188871075529944,1
-0.013260438797944455,8.208102050847103,1
-0.013260438797944455,8.208102050847103,1
-0.018119588979156585,8.227367968097694,1
-0.018119588979156585,8.227367968097694,1
-0.023098015435735277,8.246678629408095,1
-0.023098015435735277,8.246678629408095,1
-0.02820185006199678,8.266040113645055,1
-0.02820185006199678,8.266040113645055,1
-0.03343330227502382,8.285454968960146,1
-0.03343330227502382,8.285454968960146,1
-0.03879073525351098,8.304922518170464,1
-0.03879073525351098,8.304922518170464,1
-0.044268920144454986,8.324439257615087,1
-0.044268920144454986,8.324439257615087,1
-0.04985943967701878,8.343999326928856,1
-0.05411946444838468,8.35869323620767,1
-0.0569884673507531,8.36849848470854,1
-0.0569884673507531,8.36849848470854,1
-0.06133108100060406,8.383217357629727,1
-0.06133108100060406,8.383217357629727,1
-0.06718449362807688,8.402856563151161,1
-0.06718449362807688,8.402856563151161,1
-0.07309613179789637,8.422502640472482,1
-0.07309613179789637,8.422502640472482,1
-0.0790505627445674,8.442145811954891,1
-0.0790505627445674,8.442145811954891,1
-0.08653107074288983,8.46668184998822,1
-0.08653107074288983,8.46668184998822,1
-0.09252862141762,8.486286564883322,1
-0.09402819818549697,8.491183491062941,1
-0.09402819818549697,8.491183491062941,1
-0.09852458877428716,8.505862614457426,1
-0.09852458877428716,8.505862614457426,1
-0.1045086466846838,8.525404862933526,1
-0.1045086466846838,8.525404862933526,1
-0.1104725033490824,8.544909716166632,1
-0.1104725033490824,8.544909716166632,1
-0.11641001423979076,8.564375135796608,1
-0.11641001423979076,8.564375135796608,1
-0.12231720064490262,8.58380058721428,1
-0.12231720064490262,8.58380058721428,1
-0.1281921810548875,8.60318692908366,1
-0.1281921810548875,8.60318692908366,1
-0.13549089020791236,8.627368147525788,1
-0.13549089020791236,8.627368147525788,1
-0.14274339194347588,8.651497904801056,1
-0.14418893957607926,8.656318373266737,1
-0.14418893957607926,8.656318373266737,1
-0.14851693514868197,8.670770087268929,1
-0.14851693514868197,8.670770087268929,0
-0.15426941382701737,8.690018934678625,0
-0.15426941382701737,8.690018934678625,0
-0.1598417516540233,8.709208390313796,0
-0.1598417516540233,8.709208390313796,0
-0.16517866409208515,8.728368408298472,0
-0.17016129008422565,8.747495968398914,0
-0.17016129008422565,8.747495968398914,0
-0.17461212404969462,8.766590887562629,0
-0.17461212404969462,8.766590887562629,0
-0.1783840216059972,8.785674148315259,0
-0.1783840216059972,8.785674148315259,0
-0.18136978095149922,8.80477532236185,0
-0.18136978095149922,8.80477532236185,0
-0.18136978095149922,8.80477532236185,0
-0.18350266168781368,8.82392489674949,0
-0.18350266168781368,8.82392489674949,0
-0.1847547607494652,8.843150344312745,0
-0.1847547607494652,8.843150344312745,0
-0.18513389204732172,8.862474072765078,0
-0.18467927222492125,8.881912546711082,0
-0.18467927222492125,8.881912546711082,0
-0.1834567276233614,8.901475970121794,0
-0.1834567276233614,8.901475970121794,0
-0.1815530790376601,8.921168340719143,0
-0.1815530790376601,8.921168340719143,0
-0.1790701345055808,8.940987895309464,0
-0.1790701345055808,8.940987895309464,0
-0.17611871699795514,8.960927828781346,0
-0.17611871699795514,8.960927828781346,0
-0.17281316594827223,8.980977177947324,0
-0.17281316594827223,8.980977177947324,0
-0.1692664992245227,9.001121773556507,0
-0.1692664992245227,9.001121773556507,0
-0.1655863415621108,9.021345191919712,0
-0.1655863415621108,9.021345191919712,0
-0.161871644507831,9.041629660096119,0
-0.161871644507831,9.041629660096119,0
-0.1582101699085882,9.061956886108135,0
-0.1582101699085882,9.061956886108135,0
-0.15467668184039152,9.082308798216147,0
-0.15467668184039152,9.082308798216147,0
-0.1513317823416338,9.10266818550933,0
-0.1513317823416338,9.10266818550933,0
-0.1513317823416338,9.10266818550933,0
-0.14822132689175202,9.123019236988075,0
-0.14822132689175202,9.123019236988075,0
-0.1453763533123145,9.143347978491088,0
-0.1453763533123145,9.143347978491088,0
-0.14281348071089964,9.163642611315339,0
-0.14281348071089964,9.163642611315339,0
-0.14053578851927304,9.183893764151144,0
-0.14053578851927304,9.183893764151144,0
-0.13807468234495998,9.209136437028887,0
-0.13807468234495998,9.209136437028887,0
-0.13600327838392196,9.23429309670335,0
-0.1356306934219464,9.239313867655156,0
-0.1356306934219464,9.239313867655156,0
-0.1345864049745733,9.254355246695475,0
-0.13334264632448137,9.274362972186111,0
-0.13334264632448137,9.274362972186111,0
-0.1322309719822098,9.294319948604972,0
-0.13196873082840677,9.299301850476725,0
-0.13196873082840677,9.299301850476725,0
-0.13120904237404551,9.31423143982824,0
-0.13120904237404551,9.31423143982824,0
-0.13023509548201553,9.334103918918103,0
-0.13023509548201553,9.334103918918103,0
-0.12926960130628984,9.3539446808335,0
-0.12827662930188224,9.373761463194537,0
-0.12827662930188224,9.373761463194537,0
-0.12722493066855403,9.393562091098891,0
-0.12722493066855403,9.393562091098891,0
-0.12722493066855403,9.393562091098891,0
-0.12608872043694236,9.413354155910776,0
-0.12608872043694236,9.413354155910776,0
-0.12484817609479915,9.433144736903513,0
-0.12484817609479915,9.433144736903513,0
-0.12348964736226564,9.45294016933994,0
-0.12348964736226564,9.45294016933994,0
-0.12200561067570771,9.472745863081323,0
-0.12200561067570771,9.472745863081323,0
-0.12039439876325053,9.49256617270364,0
-0.11865970691317464,9.512404321165889,0
-0.11865970691317464,9.512404321165889,0
-0.11728254925165404,9.527295927375874,0
-0.11728254925165404,9.527295927375874,0
-0.11535434892239993,9.547169594099131,0
-0.11535434892239993,9.547169594099131,0
-0.11333461549838887,9.56706412003562,0
-0.11333461549838887,9.56706412003562,0
-0.11070721536725314,9.5919602559342,0
-0.11070721536725314,9.5919602559342,0
-0.1090897775128704,9.606911566859342,0
-0.1090897775128704,9.606911566859342,0
-0.10690183955954148,9.626860450120601,0
-0.10690183955954148,9.626860450120601,0
-0.10469496942467023,9.646822445383236,0
-0.10469496942467023,9.646822445383236,0
-0.10248656091090001,9.666794340042312,0
-0.10248656091090001,9.666794340042312,0
-0.10029231625680886,9.686772754323451,0
-0.10029231625680886,9.686772754323451,0
-0.09812584853024409,9.706753329267501,0
-0.09812584853024409,9.706753329267501,0
-0.09600500405752924,9.726652873288172,0
-0.09600500405752924,9.726652873288172,0
-0.09393500129228965,9.746505341069494,0
-0.09393500129228965,9.746505341069494,0
-0.09143353425944577,9.771195767903226,0
-0.09143353425944577,9.771195767903226,0
-0.08950783865058476,9.79081952233341,0
-0.08857045318895353,9.80058939868403,0
-0.08857045318895353,9.80058939868403,0
-0.08719548493748029,9.815197503734723,0
-0.08719548493748029,9.815197503734723,0
-0.08541756260385538,9.834602944060023,0
-0.08412268962715796,9.849117274818855,0
-0.08327609903610952,9.858780949507326,0
-0.08327609903610952,9.858780949507326,0
-0.08202825402645801,9.873266068557948,0
-0.08202825402645801,9.873266068557948,0
-0.07999762107469334,9.897407001917525,0
-0.07999762107469334,9.897407001917525,0
-0.07840616181432525,9.916745260184983,0
-0.07801147775303369,9.921586068595513,0
-0.07801147775303369,9.921586068595513,0
-0.07683242473632373,9.9361279166241,0
-0.07683242473632373,9.9361279166241,0
-0.07487429497298749,9.960442624725756,0
-0.07487429497298749,9.960442624725756,0
-0.07290873840997304,9.984873497432611,0
-0.07290873840997304,9.984873497432611,0
-0.07171868255129701,9.999593142763992,0
-0.07171868255129701,9.999593142763992,0
-0.07011288773318508,10.01929266740462,0
-0.07011288773318508,10.01929266740462,0
-0.06847991615616648,10.039074711238584,0
-0.06847991615616648,10.039074711238584,0
-0.06681521273738718,10.05893475888359,0
-0.06681521273738718,10.05893475888359,0
-0.06511576018227962,10.078865473906452,0
-0.06511576018227962,10.078865473906452,0
-0.0633801323873748,10.098857285940849,0
-0.0633801323873748,10.098857285940849,0
-0.06160841485776535,10.118899009960623,0
-0.06160841485776535,10.118899009960623,0
-0.059802069720413666,10.138978474634252,0
-0.059802069720413666,10.138978474634252,0
-0.057963757475233454,10.159083132121667,0
-0.057963757475233454,10.159083132121667,0
-0.0556265446371772,10.184230614348788,0
-0.0556265446371772,10.184230614348788,0
-0.053730764283214556,10.204347868768979,0
-0.05277589705173693,10.21440265251517,0
-0.05277589705173693,10.21440265251517,0
-0.05085544424062312,10.234498841082209,0
-0.05085544424062312,10.234498841082209,0
-0.04892504944448847,10.254570833585769,0
-0.04892504944448847,10.254570833585769,0
-0.046989798695068856,10.274612601345503,0
-0.04650579494812205,10.27961779423573,0
-0.04650579494812205,10.27961779423573,0
-0.045054457275467946,10.294620009458827,0
-0.045054457275467946,10.294620009458827,0
-0.042641630825890404,10.319577700860357,0
-0.042641630825890404,10.319577700860357,0
-0.04024234330881483,10.344477855252995,0
-0.04024234330881483,10.344477855252995,0
-0.03881154256271344,10.359391612859449,0
-0.03881154256271344,10.359391612859449,0
-0.03691578143574248,10.379248563594322,0
-0.03691578143574248,10.379248563594322,0
-0.035034813958910914,10.399077254954515,0
-0.035034813958910914,10.399077254954515,0
-0.03316914435481635,10.418882616525675,0
-0.03316914435481635,10.418882616525675,0
-0.031318573080685946,10.43867012725129,0
-0.031318573080685946,10.43867012725129,0
-0.029482273251905573,10.458445528198222,0
-0.029482273251905573,10.458445528198222,0
-0.027658886700980736,10.478214551645397,0
-0.027658886700980736,10.478214551645397,0
-0.025395070118589668,10.5029251679454,0
-0.025395070118589668,10.5029251679454,0
-0.024043427414627117,10.5177549183929,0
-0.024043427414627117,10.5177549183929,0
-0.022246998376178564,10.537535658835496,0
-0.022246998376178564,10.537535658835496,0
-0.020455000585574225,10.557328518321608,0
-0.020455000585574225,10.557328518321608,0
-0.018217726818208036,10.582090781224746,0
-0.018217726818208036,10.582090781224746,0
-0.016427459657323135,10.601919715172883,0
-0.015531505370919341,10.611840885917031,0
-0.015531505370919341,10.611840885917031,0
-0.014185945551402509,10.626731098184102,0
-0.014185945551402509,10.626731098184102,0
-0.01238787055824682,10.646600223495406,0
-0.01238787055824682,10.646600223495406,0
-0.010584149709077556,10.666486162098513,0
-0.010584149709077556,10.666486162098513,0
-0.008779000067531888,10.686329297024692,0
-0.008779000067531888,10.686329297024692,0
-0.006971808752744671,10.706130182669405,0
-0.006971808752744671,10.706130182669405,0
-0.005164718555060249,10.725872759475372,0
-0.005164718555060249,10.725872759475372,0
-0.0033621693395417176,10.745520995553578,0
-0.0033621693395417176,10.745520995553578,0
-0.0015665646716201756,10.765069280819603,0
-0.0015665646716201756,10.765069280819603,0
0.00022062305930336198,10.784530082716905,0
0.00022062305930336198,10.784530082716905,0
0.0019984082953815718,10.803924618539256,0
0.0019984082953815718,10.803924618539256,0
0.003766259428883882,10.823277575719132,0
0.003766259428883882,10.823277575719132,0
0.005962150101009531,10.847448465898259,0
0.005962150101009531,10.847448465898259,0
0.007708515583567382,10.8667974977267,0
0.008143852553891493,10.8716392244742,0
0.008578722390774429,10.876483334540627,0
0.009880931592665735,10.891032615520349,0
0.009880931592665735,10.891032615520349,0
0.011612736575022651,10.91047990740252,0
0.011612736575022651,10.91047990740252,0
0.01334150915036841,10.929993307775648,0
0.01334150915036841,10.929993307775648,0
0.015069753075506507,10.949581042086276,0
0.015069753075506507,10.949581042086276,0
0.016799923943520156,10.969247428756878,0
0.016799923943520156,10.969247428756878,0
0.01853427668383089,10.988993092954711,0
0.01853427668383089,10.988993092954711,0
0.02027481239501785,11.008815301635906,0
0.02027481239501785,11.008815301635906,0
0.022023222187220217,11.028708404547846,0
0.022023222187220217,11.028708404547846,0
0.02378083637048299,11.048664354275,0
0.02378083637048299,11.048664354275,0
0.025548588181583915,11.068673277007164,0
0.025548588181583915,11.068673277007164,0
0.027326996262033925,11.088724065752109,0
0.027326996262033925,11.088724065752109,0
0.029116166819582515,11.108804968630334,0
0.029116166819582515,11.108804968630334,0
0.030915814329299716,11.128904147294099,0
0.030915814329299716,11.128904147294099,0
0.03317910173758742,11.154036503697565,0
0.03317910173758742,11.154036503697565,0
0.034999523122977244,11.174136404958631,0
0.03591258678656565,11.18418118030427,0
0.03591258678656565,11.18418118030427,0
0.03728527051019509,11.199239079236646,0
0.03728527051019509,11.199239079236646,0
0.039120322998199314,11.219294655550117,0
0.039120322998199314,11.219294655550117,0
0.04095947888878328,11.239320787585001,0
0.04095947888878328,11.239320787585001,0
0.04326188031421313,11.264306919081776,0
0.04326188031421313,11.264306919081776,0
0.04510477697478266,11.284256780612944,0
0.04556545643039095,11.289238820281343,0
0.04556545643039095,11.289238820281343,0
0.04694706925846816,11.304172226269124,0
0.04694706925846816,11.304172226269124,0
0.04878756027266724,11.32405509437792,0
0.04878756027266724,11.32405509437792,0
0.050625244920176046,11.343908474356637,0
0.050625244920176046,11.343908474356637,0
0.05245933208308204,11.363736455402464,0
0.05245933208308204,11.363736455402464,0
0.054746044130241346,11.388493101620247,0
0.054746044130241346,11.388493101620247,0
0.05702566812377278,11.413227954020622,0
0.05748072674625233,11.41817324767957,0
0.05748072674625233,11.41817324767957,0
0.0592981250196755,11.437951637320273,0
0.0592981250196755,11.437951637320273,0
0.06111117650774302,11.457729416466982,0
0.06111117650774302,11.457729416466982,0
0.06337197135621898,11.482457959884146,0
0.06337197135621898,11.482457959884146,0
0.06472588830076127,11.497301535264357,0
0.06472588830076127,11.497301535264357,0
0.06652864996320475,11.517103450576984,0
0.06652864996320475,11.517103450576984,0
0.0683292074502732,11.53691970645164,0
0.0683292074502732,11.53691970645164,0
0.07057784736541435,11.561712840335794,0
0.07057784736541435,11.561712840335794,0
0.07192644227915161,11.576601565895208,0
0.07192644227915161,11.576601565895208,0
0.07372444151769303,11.596468280430198,0
0.07372444151769303,11.596468280430198,0
0.07552283234403087,11.61635166149115,0
0.07552283234403087,11.61635166149115,0
0.0773221252864325,11.636250494972051,0
0.0773221252864325,11.636250494972051,0
0.07912273836981454,11.656163039133196,0
0.07912273836981454,11.656163039133196,0
0.08092498954272052,11.676087147881193,0
0.08092498954272052,11.676087147881193,0
0.08272909202531556,11.696020400051912,0
0.08408345305320827,11.710974797126388,0
0.08498697966258194,11.720945908208254,0
0.08498697966258194,11.720945908208254,0
0.08679548968788713,11.740890322457389,0
0.08679548968788713,11.740890322457389,0
0.08860584766587055,11.760835622347699,0
0.08860584766587055,11.760835622347699,0
0.0904178718595393,11.780779554499727,0
0.0904178718595393,11.780779554499727,0
0.09223131766459022,11.800720151012435,0
0.09223131766459022,11.800720151012435,0
0.09223131766459022,11.800720151012435,0
0.09404589610777793,11.820655786050082,0
0.09586129238216722,11.840585212565953,0
0.09586129238216722,11.840585212565953,0
0.09767718253413435,11.860507579573806,0
0.09767718253413435,11.860507579573806,0
0.09767718253413435,11.860507579573806,0
0.09949324005975896,11.880422431740932,0
0.10130916089779764,11.900329690471164,0
0.10130916089779764,11.900329690471164,0
0.10312466999571977,11.920229622021843,0
0.10312466999571977,11.920229622021843,0
0.10312466999571977,11.920229622021843,0
0.10493952121180228,11.940122794304283,0
0.10493952121180228,11.940122794304283,0
0.10675351788396995,11.960010022873133,0
0.10675351788396995,11.960010022873133,0
0.10901959165060064,11.984862244647028,0
0.10901959165060064,11.984862244647028,0
0.1112839180472843,12.009708988729361,0
0.1117365658181781,12.014677887534496,0
0.1117365658181781,12.014677887534496,0
0.11354643099562302,12.034552614182747,0
0.11354643099562302,12.034552614182747,0
0.1153551606418356,12.054426831771798,0
0.1153551606418356,12.054426831771798,0
0.11716282014605714,12.074301644870642,0
0.11716282014605714,12.074301644870642,0
0.11896950314288769,12.094178039449208,0
0.11896950314288769,12.094178039449208,0
0.12122666584797448,12.119027013662071,0
0.12122666584797448,12.119027013662071,0
0.12303161026688153,12.138909758679812,0
0.12303161026688153,12.138909758679812,0
0.12483601272005887,12.158796153896901,0
0.12483601272005887,12.158796153896901,0
0.12664001947381925,12.178686443662315,0
0.12664001947381925,12.178686443662315,0
0.12844377015286473,12.198580691657254,0
0.12844377015286473,12.198580691657254,0
0.13024739251308667,12.218478794842598,0
0.13024739251308667,12.218478794842598,0
0.1320509986547248,12.238380503210747,0
0.1320509986547248,12.238380503210747,0
0.13385468197528388,12.2582854440224,0
0.13385468197528388,12.2582854440224,0
0.13565851503030715,12.278193149064464,0
0.13565851503030715,12.278193149064464,0
0.13746254839384062,12.298103083470421,0
0.13791359179933707,12.303080848742782,0
0.13791359179933707,12.303080848742782,0
0.13926681051124593,12.318014674715958,0
0.13926681051124593,12.318014674715958,0
0.14152246927952075,12.342905607780372,0
0.14152246927952075,12.342905607780372,0
0.14377847233593924,12.367797124644216,0
0.14422970891839607,12.372775408422605,0
0.145583478657413,12.387710088022802,0
0.145583478657413,12.387710088022802,0
0.145583478657413,12.387710088022802,0
0.14738861296817368,12.407622352414192,0
0.14919381814208094,12.42753355963007,0
0.14919381814208094,12.42753355963007,0
0.1509990296459302,12.447443437338654,0
0.1509990296459302,12.447443437338654,0
0.15280417493769577,12.467351802964092,0
0.15280417493769577,12.467351802964092,0
0.154609184234312,12.487258562408094,0
0.154609184234312,12.487258562408094,0
0.154609184234312,12.487258562408094,0
0.1568651510850801,12.512139745853323,0
0.1568651510850801,12.512139745853323,0
0.15912067950246753,12.537018557518962,0
0.15957172323812302,12.541994059562096,0
0.15957172323812302,12.541994059562096,0
0.16092471738085598,12.556920098384957,0
0.16092471738085598,12.556920098384957,0
0.16272836696155682,12.576820523898004,0
0.16453160065935007,12.59672007926621,0
0.16498234174844698,12.601694863062004,0
0.16633439913847836,12.616619030619875,0
0.16633439913847836,12.616619030619875,0
0.16813675113422716,12.636517651597693,0
0.16813675113422716,12.636517651597693,0
0.16813675113422716,12.636517651597693,0
0.16993865789935808,12.656416210426297,0
0.17174012847849135,12.6763149591715,0
0.17174012847849135,12.6763149591715,0
0.17354117954057696,12.696214124292517,0
0.17354117954057696,12.696214124292517,0
0.17534183114524213,12.716113899511202,0
0.17534183114524213,12.716113899511202,0
0.17714211055821832,12.736014440058396,0
0.17714211055821832,12.736014440058396,0
0.17894204731574856,12.755915859826947,0
0.17894204731574856,12.755915859826947,0
0.18074167187569498,12.775818230276775,0
0.1811915327755602,12.780793975817318,0
0.1811915327755602,12.780793975817318,0
0.1825410145332664,12.795721581246172,0
0.1825410145332664,12.795721581246172,0
0.18478984075317503,12.820602131280602,0
0.18478984075317503,12.820602131280602,0
0.18703832682909965,12.845484102184425,0
0.18748798728874513,12.850460653501937,0
0.1883872742046416,12.860413901057582,0
0.18928651729161985,12.870367330427815,0
0.18928651729161985,12.870367330427815,0
0.19153444694812713,12.89525160151541,0
0.19153444694812713,12.89525160151541,0
0.19333262007510593,12.91515960467832,0
0.19423165190382352,12.9251137565221,0
0.19423165190382352,12.9251137565221,0
0.1955801317619357,12.940045125839452,0
0.1955801317619357,12.940045125839452,0
0.19737797707250504,12.95995379864132,0
0.19737797707250504,12.95995379864132,0
0.19917567273224226,12.979862567112452,0
0.19917567273224226,12.979862567112452,0
0.20097321055776904,12.999771322684277,0
0.20097321055776904,12.999771322684277,0
0.20277057990982686,13.019679972645301,0
0.20277057990982686,13.019679972645301,0
0.20456776860119213,13.039588442574184,0
0.20456776860119213,13.039588442574184,0
0.20636476323416336,13.059496677812225,0
0.20636476323416336,13.059496677812225,0
0.2081615496908368,13.079404643940833,0
0.2081615496908368,13.079404643940833,0
0.20995811370736953,13.099312326339318,0
0.20995811370736953,13.099312326339318,0
0.21175444145215871,13.119219728931848,0
0.21175444145215871,13.119219728931848,0
0.2135505200577517,13.139126872255073,0
0.2135505200577517,13.139126872255073,0
0.215346338075887,13.159033790993584,0
0.215346338075887,13.159033790993584,0
0.21714188583755267,13.178940531138949,0
0.21714188583755267,13.178940531138949,0
0.2189371557087483,13.1988471469293,0
0.2189371557087483,13.1988471469293,0
0.2207321422394014,13.21875369772133,0
0.2207321422394014,13.21875369772133,0
0.22252684220836383,13.238660244934959,0
0.22252684220836383,13.238660244934959,0
0.22476981277650998,13.263543515993499,0
0.22476981277650998,13.263543515993499,0
0.2265638671240059,13.283450271505934,0
0.22746078767962968,13.293403713161737,0
0.22746078767962968,13.293403713161737,0
0.22880603645326708,13.308333971386066,0
0.22880603645326708,13.308333971386066,0
0.23059945795223313,13.3282411862056,0
0.23059945795223313,13.3282411862056,0
0.23239260670558468,13.348148662246626,0
0.23239260670558468,13.348148662246626,0
0.23418548881957785,13.368056421443933,0
0.23418548881957785,13.368056421443933,0
0.23597811129647628,13.3879644760966,0
0.23597811129647628,13.3879644760966,0
0.23777048189404534,13.40787282918959,0
0.23777048189404534,13.40787282918959,0
0.23956260854326014,13.42778147512252,0
0.23956260854326014,13.42778147512252,0
0.24179740533168775,13.45260959965344,0
0.24179740533168775,13.45260959965344,0
0.2435791268715089,13.472405207513651,0
0.24402364817015132,13.477345231071343,0
0.24402364817015132,13.477345231071343,0
0.245795724108759,13.49704787339728,0
0.245795724108759,13.49704787339728,0
0.24755601766637814,13.51664466330379,0
0.24755601766637814,13.51664466330379,0
0.24973765977262968,13.540997308690685,0
0.24973765977262968,13.540997308690685,0
0.25103640596092763,13.55554619636738,0
0.25103640596092763,13.55554619636738,0
0.2527565289074307,13.574893444514512,0
0.2527565289074307,13.574893444514512,0
0.25446386683313554,13.594207035967614,0
0.25446386683313554,13.594207035967614,0
0.2561595685407911,13.613513685385353,0
0.2561595685407911,13.613513685385353,0
0.25784537152510834,13.632838053805203,0
0.25784537152510834,13.632838053805203,0
0.25952336977154367,13.652201704611315,0
0.25952336977154367,13.652201704611315,0
0.26119597368072983,13.671622434908322,0
0.26119597368072983,13.671622434908322,0
0.2628658242307052,13.691113895382948,0
0.2628658242307052,13.691113895382948,0
0.2645356734960377,13.710685441145765,0
0.2645356734960377,13.710685441145765,0
0.2666259174498536,13.735255730798917,0
0.2670434121530107,13.740168231196918,0
0.2670434121530107,13.740168231196918,0
0.268716042713327,13.759849791415304,0
0.268716042713327,13.759849791415304,0
0.2703917456536309,13.779555983475955,0
0.2703917456536309,13.779555983475955,0
0.2720675289014376,13.799239295710533,0
0.2720675289014376,13.799239295710533,0
0.27374240307817316,13.81888106063125,0
0.27374240307817316,13.81888106063125,0
0.2754162190033846,13.838482169535787,0
0.2754162190033846,13.838482169535787,0
0.2770890284288605,13.858052952746476,0
0.2770890284288605,13.858052952746476,0
0.27876097387245824,13.877607577308726,0
0.27876097387245824,13.877607577308726,0
0.2804323449020731,13.897161050634882,0
0.2804323449020731,13.897161050634882,0
0.2825215445618606,13.921622754693795,0
0.2825215445618606,13.921622754693795,0
0.28419385252926105,13.94122287531621,0
0.28461222045106527,13.946128506021347,0
0.28586829401914016,13.960860888379893,0
0.28586829401914016,13.960860888379893,0
0.28586829401914016,13.960860888379893,0
0.28796641436254306,13.985472160336013,0
0.28922886846294216,14.00027516188323,0
0.28964930523476345,14.005203051299855,0
0.28964930523476345,14.005203051299855,0
0.2909107897742036,14.019976871909185,0
0.2909107897742036,14.019976871909185,0
0.29259630941746545,14.03968554807294,0
0.29259630941746545,14.03968554807294,0
0.29428180684136135,14.059362222987424,0
0.29428180684136135,14.059362222987424,0
0.29638418298438773,14.083871176205427,0
0.29638418298438773,14.083871176205427,0
0.2984792506780324,14.108283901288358,0
0.2988972958121172,14.113157050584025,0
0.2988972958121172,14.113157050584025,0
0.30056613264224763,14.132627745060715,0
0.30056613264224763,14.132627745060715,0
0.3022297721564558,14.152078201359211,0
0.3022297721564558,14.152078201359211,0
0.30388861596669414,14.171527972266636,0
0.30388861596669414,14.171527972266636,0
0.30554394620115777,14.190995100076615,0
0.30554394620115777,14.190995100076615,0
0.30761058254110607,14.215376996203759,0
0.30761058254110607,14.215376996203759,0
0.3092640826807164,14.23493594054983,0
0.3092640826807164,14.23493594054983,0
0.3105056921191821,14.249642295486188,0
0.3105056921191821,14.249642295486188,0
0.31258043749325604,14.274230683699738,0
0.31258043749325604,14.274230683699738,0
0.31258043749325604,14.274230683699738,0
0.3150837209745827,14.303870103585266,0
0.3150837209745827,14.303870103585266,0
0.3163426634569682,14.318743351836712,0
0.3163426634569682,14.318743351836712,0
0.3180302306697068,14.33862614805878,0
0.3180302306697068,14.33862614805878,0
0.3197289492069498,14.358562487510778,0
0.3197289492069498,14.358562487510778,0
0.32186889711276,14.383546354655614,0
0.32186889711276,14.383546354655614,0
0.3235942913441414,14.40357326454684,0
0.3244614024300463,14.413596693751531,0
0.3244614024300463,14.413596693751531,0
0.32576740417346306,14.428640861380407,0
0.32576740417346306,14.428640861380407,0
0.32795746613256227,14.45372850089697,0
0.32795746613256227,14.45372850089697,0
0.3297203855243627,14.473800925241452,0
0.33016246844096603,14.478818242540866,0
0.33016246844096603,14.478818242540866,0
0.33149161964068563,14.493866379352362,0
0.33149161964068563,14.493866379352362,0
0.33371515757558373,14.518927622463863,0
0.33371515757558373,14.518927622463863,0
0.3359464214848786,14.54395585779074,0
0.33639333338913446,14.54895682007325,0
0.33773495544070153,14.56394951994768,0
0.33862987791935095,14.573935869445044,0
0.33862987791935095,14.573935869445044,0
0.33997258031806915,14.58890188308847,0
0.33997258031806915,14.58890188308847,0
0.34176258983788516,14.608831323989714,0
0.34176258983788516,14.608831323989714,0
0.34355124356160704,14.628732828597894,0
0.34355124356160704,14.628732828597894,0
0.3453375787080291,14.648608452727498,0
0.3453375787080291,14.648608452727498,0
0.34756613095640626,14.673421228845603,0
0.34756613095640626,14.673421228845603,0
0.34934489370232985,14.693250668424051,0
0.35023282291869545,14.703159921266883,0
0.35023282291869545,14.703159921266883,0
0.35156287406727416,14.718018546308837,0
0.35156287406727416,14.718018546308837,0
0.35333289323620687,14.73782323041614,0
0.35333289323620687,14.73782323041614,0
0.35509926671291003,14.75762423542666,0
0.35509926671291003,14.75762423542666,0
0.35686237803939524,14.777425813973254,0
0.35686237803939524,14.777425813973254,0
0.35862274032149516,14.797231820844232,0
0.35862274032149516,14.797231820844232,0
0.3603809630808568,14.817045585641024,0
0.3603809630808568,14.817045585641024,0
0.3621377156776156,14.836869820030545,0
0.3621377156776156,14.836869820030545,0
0.36389369219920553,14.856706559925273,0
0.36389369219920553,14.856706559925273,0
0.365649579013991,14.876557141729478,0
0.365649579013991,14.876557141729478,0
0.3674060258805113,14.896422210494976,0
0.3674060258805113,14.896422210494976,0
0.3691636213775556,14.916301756737168,0
0.3691636213775556,14.916301756737168,0
0.37092287324465417,14.936195177724933,0
0.37092287324465417,14.936195177724933,0
0.3726841939749204,14.956101358366656,0
0.3726841939749204,14.956101358366656,0
0.374447891770353,14.976018766470466,0
0.374447891770353,14.976018766470466,0
0.37621416675768193,14.99594555698388,0
0.37621416675768193,14.99594555698388,0
0.3784257667582532,15.020864105210949,0
0.3784257667582532,15.020864105210949,0
0.37975471954814477,15.035818986685978,0
0.37975471954814477,15.035818986685978,0
0.38152888512066857,15.055761331515141,0
0.38152888512066857,15.055761331515141,0
0.38330542956719454,15.075704661470738,0
0.38330542956719454,15.075704661470738,0
0.38508410670566207,15.095647095747832,0
0.38508410670566207,15.095647095747832,0
0.3868646206385483,15.11558698933589,0
0.3868646206385483,15.11558698933589,0
0.3886466445957361,15.135522980571231,0
0.3886466445957361,15.135522980571231,0
0.3904298366149504,15.155454022384372,0
0.3904298366149504,15.155454022384372,0
0.39221385453437047,15.175379397193907,0
0.39221385453437047,15.175379397193907,0
0.3939983697932373,15.195298716336184,0
0.3939983697932373,15.195298716336184,0
0.3957830794819273,15.215211905498647,0
0.3957830794819273,15.215211905498647,0
0.3975677162439665,15.23511917807955,0
0.3975677162439665,15.23511917807955,0
0.3993520557856739,15.255020998734077,0
0.3993520557856739,15.255020998734077,0
0.4011359218852343,15.27491803957403,0
0.4011359218852343,15.27491803957403,0
0.402919188913438,15.294811131577266,0
0.402919188913438,15.294811131577266,0
0.4047017819863098,15.314701213738488,0
0.4047017819863098,15.314701213738488,0
0.40648367496232385,15.334589282357392,0
0.40648367496232385,15.334589282357392,0
0.4082648865701863,15.354476342628526,0
0.4082648865701863,15.354476342628526,0
0.4100454750061337,15.374363364392773,0
0.4100454750061337,15.374363364392773,0
0.41227047545637396,15.39922344262212,0
0.41316029386053044,15.409168195640397,0
0.4140500325185441,15.419113489939754,0
0.4140500325185441,15.419113489939754,0
0.415829337569451,15.439005988174204,0
0.415829337569451,15.439005988174204,0
0.4176085351060415,15.458901412847101,0
0.4176085351060415,15.458901412847101,0
0.41938269886154556,15.478742018725374,0
0.41938269886154556,15.478742018725374,0
0.42115212920226197,15.498530453923854,0
0.42115212920226197,15.498530453923854,0
0.4229149222259688,15.518252943566049,0
0.4229149222259688,15.518252943566049,0
0.42466730006551395,15.537875774303957,0
0.42466730006551395,15.537875774303957,0
0.42640787122579815,15.557395585603892,0
0.42640787122579815,15.557395585603892,0
0.4281365167338321,15.576826974973063,0
0.4281365167338321,15.576826974973063,0
0.4298538047528988,15.596193122874613,0
0.4298538047528988,15.596193122874613,0
0.4315607870428876,15.615520464014889,0
0.43198609252959513,15.620349380086727,0
0.43198609252959513,15.620349380086727,0
0.43325892457230536,15.634835612422265,0
0.43325892457230536,15.634835612422265,0
0.43495003180374603,15.654163496693517,0
0.43495003180374603,15.654163496693517,0
0.4370566319367132,15.678374594277297,0
0.4370566319367132,15.678374594277297,0
0.43915889498433813,15.702674949034515,0
0.43915889498433813,15.702674949034515,0
0.4404198690472237,15.717308881382154,0
0.4404198690472237,15.717308881382154,0
0.44210252902082975,15.736891219266244,0
0.44210252902082975,15.736891219266244,0
0.44378848109149244,15.756558319625979,0
0.44378848109149244,15.756558319625979,0
0.4454796669265207,15.776311086942895,0
0.4454796669265207,15.776311086942895,0
0.44717789762956434,15.796146770606297,0
0.44717789762956434,15.796146770606297,0
0.44888468904618034,15.816059443958808,0
0.44888468904618034,15.816059443958808,0
0.4506012098383745,15.83604056130502,0
0.4506012098383745,15.83604056130502,0
0.4523282511707928,15.856079571021413,0
0.4523282511707928,15.856079571021413,0
0.4540662137992096,15.87616455482184,0
0.4540662137992096,15.87616455482184,0
0.4558151130857245,15.896282863305768,0
0.4558151130857245,15.896282863305768,0
0.45801605518218647,15.921458181424027,0
0.45801605518218647,15.921458181424027,0
0.45978779757982763,15.94160545021347,0
0.45978779757982763,15.94160545021347,0
0.461568239002524,15.961746790274551,0
0.461568239002524,15.961746790274551,0
0.46335616331422874,15.981872420774474,0
0.46335616331422874,15.981872420774474,0
0.46515021423512276,16.001974217019338,0
0.46515021423512276,16.001974217019338,0
0.46694895564408256,16.022045892140813,0
0.46694895564408256,16.022045892140813,0
0.46694895564408256,16.022045892140813,0
0.468750928301009,16.042083085309585,0
0.468750928301009,16.042083085309585,0
0.47100577063650273,16.067077554550206,0
0.47100577063650273,16.067077554550206,0
0.4732608475690696,16.092013734401423,0
0.4732608475690696,16.092013734401423,0
0.474613053862933,16.10694867398612,0
0.474613053862933,16.10694867398612,0
0.47641414954185246,16.12683332525293,0
0.47641414954185246,16.12683332525293,0
0.4782124128927209,16.14668909707004,0
0.4782124128927209,16.14668909707004,0
0.48000725558826074,16.166520952938555,0
0.48000725558826074,16.166520952938555,0
0.48179830584892064,16.186334437079186,0
0.48179830584892064,16.186334437079186,0
0.48403155964102246,16.211084345367073,0
0.48403155964102246,16.211084345367073,0
0.4858137864014257,16.230877804270392,0
0.4858137864014257,16.230877804270392,0
0.4875923808776719,16.250671499086,0
0.4875923808776719,16.250671499086,0
0.489367733960734,16.270470426867508,0
0.489367733960734,16.270470426867508,0
0.4911403464430665,16.29027891235585,0
0.4911403464430665,16.29027891235585,0
0.4929107973043888,16.310100486405776,0
0.4929107973043888,16.310100486405776,0
0.49467971247279335,16.329937809496183,0
0.49467971247279335,16.329937809496183,0
0.49644773427178923,16.349792639314646,0
0.49644773427178923,16.349792639314646,0
0.49821549283302785,16.36966583963206,0
0.49821549283302785,16.36966583963206,0
0.4999835805439755,16.389557426380847,0
0.5004257178543146,16.394533123131147,0
0.5004257178543146,16.394533123131147,0
0.5021949577305487,16.414446552056564,0
0.5021949577305487,16.414446552056564,0
0.5039656179173033,16.4343757479359,0
0.5039656179173033,16.4343757479359,0
0.5057380454818118,16.454318630951036,0
0.5057380454818118,16.454318630951036,0
0.5079564348635132,16.479262718289196,0
0.5079564348635132,16.479262718289196,0
0.5079564348635132,16.479262718289196,0
0.5106230164985897,16.509211325528206,0
0.5106230164985897,16.509211325528206,0
0.5124034991418259,16.529182233873257,0
0.5124034991418259,16.529182233873257,0
0.5141860870423813,16.549154154173912,0
0.5141860870423813,16.549154154173912,0
0.515970609669594,16.56912464313196,0
0.515970609669594,16.56912464313196,0
0.5177568370858371,16.58909155941579,0
0.5177568370858371,16.58909155941579,0
0.5195444940238504,16.60905312625266,0
0.5195444940238504,16.60905312625266,0
0.5213332762349631,16.629007972484185,0
0.5213332762349631,16.629007972484185,0
0.5231228661743507,16.64895515255757,0
0.5231228661743507,16.64895515255757,0
0.5249129475341111,16.66889414656748,0
0.5249129475341111,16.66889414656748,0
0.5267032182556032,16.68882484217471,0
0.5267032182556032,16.68882484217471,0
0.5284934016791228,16.708747500827467,0
0.5284934016791228,16.708747500827467,0
0.5302832555670026,16.728662711188022,0
0.5302832555670026,16.728662711188022,0
0.5302832555670026,16.728662711188022,0
0.5320725788383927,16.748571332925255,0
0.5338612176569824,16.76847443400319,0
0.5338612176569824,16.76847443400319,0
0.5356490677231301,16.78837322503094,0
0.5356490677231301,16.78837322503094,0
0.5374360669576197,16.80826899431744,0
0.5374360669576197,16.80826899431744,0
0.5392222031969721,16.828163044270536,0
0.5396686047621122,16.833136437424013,0
0.5396686047621122,16.833136437424013,0
0.541007503792862,16.84805663453815,0
0.541007503792862,16.84805663453815,0
0.5432380523901674,16.87292474089271,0
0.5432380523901674,16.87292474089271,0
0.5454675853065972,16.89779591527462,0
0.5454675853065972,16.89779591527462,0
0.5468049149958623,16.91272075841461,0
0.5468049149958623,16.91272075841461,0
0.5490333313745643,16.937599877823004,0
0.5490333313745643,16.937599877823004,0
0.5508158071446619,16.957507553332807,0
0.5517070073418334,16.967462924467945,0
0.5517070073418334,16.967462924467945,0
0.5530438074600169,16.982397913621117,0
0.5530438074600169,16.982397913621117,0
0.5552719365345006,17.00729459972271,0
0.5552719365345006,17.00729459972271,0
0.5570546818247909,17.027216201303347,0
0.557500413963759,17.032197145126894,0
0.5588377404394225,17.047141166391693,0
0.5588377404394225,17.047141166391693,0
0.5606211819568353,17.06706899761748,0
0.5606211819568353,17.06706899761748,0
0.5624050552610498,17.08699912383727,0
0.5624050552610498,17.08699912383727,0
0.5641893862940418,17.106930931509044,0
0.5641893862940418,17.106930931509044,0
0.5659741795417012,17.126863794731907,0
0.5668667456102702,17.136830430094964,0
0.5677594209803056,17.14679710295313,0
0.5677594209803056,17.14679710295313,0
0.5690986271821898,17.161747030889984,0
0.5690986271821898,17.161747030889984,0
0.5713311044687666,17.186662833192255,0
0.5713311044687666,17.186662833192255,0
0.5731174446286913,17.206594311842583,0
0.5740107116729017,17.216559538839515,0
0.5740107116729017,17.216559538839515,0
0.5757973957241669,17.236488796331212,0
0.5757973957241669,17.236488796331212,0
0.5775842204102452,17.256416299528503,0
0.5775842204102452,17.256416299528503,0
0.5793711141951614,17.27634194120157,0
0.5793711141951614,17.27634194120157,0
0.5793711141951614,17.27634194120157,0
0.5811580076445856,17.296265705307842,0
0.582944837778036,17.316187658926268,0
0.582944837778036,17.316187658926268,0
0.582944837778036,17.316187658926268,0
0.5847315502088559,17.336107941525107,0
0.5847315502088559,17.336107941525107,0
0.5869647044892592,17.361006253038298,0
0.5869647044892592,17.361006253038298,0
0.5891975386250344,17.38590275283705,0
0.5891975386250344,17.38590275283705,0
0.5905370669510716,17.40084001082658,0
0.5905370669510716,17.40084001082658,0
0.5927693114967473,17.425734768399995,0
0.5927693114967473,17.425734768399995,0
0.5945548340392764,17.445650295373365,0
0.5954475056988353,17.45560806103881,0
0.5954475056988353,17.45560806103881,0
0.5967864046570849,17.47054480224841,0
0.5967864046570849,17.47054480224841,0
0.598571410676975,17.49046078110904,0
0.598571410676975,17.49046078110904,0
0.6003562155225416,17.51037731251033,0
0.6003562155225416,17.51037731251033,0
0.602140842321112,17.53029455602601,0
0.602140842321112,17.53029455602601,0
0.6039253173616164,17.550212626343768,0
0.6039253173616164,17.550212626343768,0
0.605709668917766,17.570131592467998,0
0.605709668917766,17.570131592467998,0
0.6074939254061369,17.590051479018424,0
0.6074939254061369,17.590051479018424,0
0.6092781138622286,17.60997226929823,0
0.6092781138622286,17.60997226929823,0
0.611062258732666,17.629893909838703,0
0.611062258732666,17.629893909838703,0
0.6128463809487151,17.649816316093,0
0.6128463809487151,17.649816316093,0
0.6150765269210097,17.674720232664203,0
0.6150765269210097,17.674720232664203,0
0.6168606522401928,17.694643936580206,0
0.6177527198495225,17.704605931389846,0
0.6177527198495225,17.704605931389846,0
0.6190908280930835,17.71954905248382,0
0.6190908280930835,17.71954905248382,0
0.6208749839776772,17.739473362711397,0
0.6208749839776772,17.739473362711397,0
0.6226591491431152,17.7593977196617,0
0.6226591491431152,17.7593977196617,0
0.6244433148829219,17.779321999283862,0
0.6244433148829219,17.779321999283862,0
0.6262274699209314,17.799246092582198,0
0.6262274699209314,17.799246092582198,0
0.6280116013298556,17.81916990884235,0
0.6280116013298556,17.81916990884235,0
0.6297956948769814,17.839093377824376,0
0.6297956948769814,17.839093377824376,0
0.6315797355061712,17.859016450865294,0
0.6315797355061712,17.859016450865294,0
0.6338096885350574,17.88391969621661,0
0.6338096885350574,17.88391969621661,0
0.6355935544549545,17.903841811124384,0
0.6364854501024488,17.91380271296509,0
0.6364854501024488,17.91380271296509,0
0.6382691580276586,17.93372422406872,0
0.6382691580276586,17.93372422406872,0
0.6400527445735678,17.95364538018181,0
0.6400527445735678,17.95364538018181,0
0.6418361986918006,17.97356623331675,0
0.6418361986918006,17.97356623331675,0
0.6436195111021678,17.99348684376276,0
0.6436195111021678,17.99348684376276,0
0.645402675007201,18.01340727667615,0
0.645402675007201,18.01340727667615,0
0.645402675007201,18.01340727667615,0
0.647631414773412,18.038307669786704,0
0.647631414773412,18.038307669786704,0
0.6498599144089613,18.06320801616841,0
0.6498599144089613,18.06320801616841,0
0.6511969002225848,18.07814825013096,0
0.6511969002225848,18.07814825013096,0
0.6529794177253523,18.098068638577498,0
0.6529794177253523,18.098068638577498,0
0.6552073639108938,18.1229693080016,0
0.6560984826428702,18.132929646981726,0
0.6569895687893744,18.14289003164027,0
0.6569895687893744,18.14289003164027,0
0.6583261379451835,18.157830699541716,0
0.6583261379451835,18.157830699541716,0
0.6605536009628236,18.182732066880952,0
0.6605536009628236,18.182732066880952,0
0.6623354428765167,18.20265339252842,0
0.6632263229478398,18.21261413083152,0
0.6632263229478398,18.21261413083152,0
0.6650080044465648,18.232535750373653,0
0.6650080044465648,18.232535750373653,0
0.6667895850850524,18.25245754470258,0
0.6672349649408192,18.25743801790613,0
0.6672349649408192,18.25743801790613,0
0.6685710685943912,18.272379489975922,0
0.6685710685943912,18.272379489975922,0
0.6707977902266621,18.297282090855287,0
0.6707977902266621,18.297282090855287,0
0.6730243687091169,18.322184823365543,0
0.6734696673719743,18.327165380202917,0
0.6739149604179563,18.33214593932953,0
0.6756960757009614,18.352068189206147,0
0.6756960757009614,18.352068189206147,0
0.6774771000241827,18.371990438479905,0
0.6774771000241827,18.371990438479905,0
0.6774771000241827,18.371990438479905,0
0.6797032501895325,18.396893208706906,0
0.6797032501895325,18.396893208706906,0
0.6819292517887999,18.421795892281185,0
0.6819292517887999,18.421795892281185,0
0.6832647789982489,18.43673744655892,0
0.6832647789982489,18.43673744655892,0
0.6850453925402076,18.456659442890107,0
0.6850453925402076,18.456659442890107,0
0.6868259012462006,18.476581345357072,0
0.6868259012462006,18.476581345357072,0
0.6890513846470384,18.50148358719851,0
0.6890513846470384,18.50148358719851,0
0.6908316452622435,18.521405274047428,0
0.6917217323212836,18.531366083892202,0
0.6917217323212836,18.531366083892202,0
0.6930568076870843,18.546307259750556,0
0.6930568076870843,18.546307259750556,0
0.6948368031358487,18.566228762158623,0
0.6948368031358487,18.566228762158623,0
0.6966166765553343,18.586150201510588,0
0.6966166765553343,18.586150201510588,0
0.6983964257174409,18.606071592054533,0
0.6983964257174409,18.606071592054533,0
0.700620935287672,18.6309732845504,0
0.700620935287672,18.6309732845504,0
0.7024004008114696,18.650894620378896,0
0.7028452473923933,18.65587495371804,0
0.7028452473923933,18.65587495371804,0
0.7041797397546208,18.670815955684095,0
0.7041797397546208,18.670815955684095,0
0.7059589525654829,18.6907373035762,0
0.7059589525654829,18.6907373035762,0
0.7077380407177335,18.71065867541808,0
0.7077380407177335,18.71065867541808,0
0.7095170056288398,18.73058008058564,0
0.7112958492631332,18.750501526195276,0
0.7112958492631332,18.750501526195276,0
0.7130745738880621,18.77042301702183,0
0.7130745738880621,18.77042301702183,0
0.7148531813475149,18.790344555568375,0
0.7148531813475149,18.790344555568375,0
0.7166316737039545,18.810266142112955,0
0.7166316737039545,18.810266142112955,0
0.7184100522595585,18.83018777498424,0
0.7184100522595585,18.83018777498424,0
0.7201883177977478,18.850109450797667,0
0.7201883177977478,18.850109450797667,0
0.7219664708032781,18.870031164744933,0
0.7219664708032781,18.870031164744933,0
0.7237445115795734,18.8899529109259,0
0.7237445115795734,18.8899529109259,0
0.7259669049906095,18.914855128825113,0
0.7259669049906095,18.914855128825113,0
0.7268545723162374,18.924801872703792,0
0.7268545723162374,18.924801872703792,0
0.7286240227222318,18.94462826357686,0
0.7286240227222318,18.94462826357686,0
0.7303887895614594,18.964408044663124,0
0.7303887895614594,18.964408044663124,0
0.7325808514177586,18.989002992644366,0
0.7325808514177586,18.989002992644366,0
0.7343157930675781,19.0085005130544,0
0.7351766745770821,19.018189803247086,0
0.7351766745770821,19.018189803247086,0
0.7364600856485212,19.032662349696384,0
0.7364600856485212,19.032662349696384,0
0.7381538204260566,19.051827926108377,0
0.7381538204260566,19.051827926108377,0
0.7398255978551712,19.070846981379766,0
0.7398255978551712,19.070846981379766,0
0.7414758854681378,19.08974859147726,0
0.7414758854681378,19.08974859147726,0
0.7431061804145496,19.1085748182885,0
0.7431061804145496,19.1085748182885,0
0.7447184550980575,19.127371367519643,0
0.7447184550980575,19.127371367519643,0
0.7463152271601646,19.14618240532007,0
0.7463152271601646,19.14618240532007,0
0.747899596120241,19.16504766785224,0
0.747899596120241,19.16504766785224,0
0.7498681916772374,19.188756151814957,0
0.7498681916772374,19.188756151814957,0
0.7510460541636838,19.203068640725608,0
0.7510460541636838,19.203068640725608,0
0.752616665697287,19.22227049208641,0
0.752616665697287,19.22227049208641,0
0.7545860963271486,19.246479031591107,0
0.7545860963271486,19.246479031591107,0
0.7561717233934305,19.266015923368027,0
0.756969294277445,19.27584038397807,0
0.756969294277445,19.27584038397807,0
0.7581728395763835,19.29064460218725,0
0.7581728395763835,19.29064460218725,0
0.7597929583186938,19.31050224626288,0
0.7597929583186938,19.31050224626288,0
0.7618460576788852,19.33549409816203,0
0.7618460576788852,19.33549409816203,0
0.7635128827237793,19.355601270776397,0
0.7643547142917083,19.365685768260697,0
0.7643547142917083,19.365685768260697,0
0.7656280257156857,19.38084360185124,0
0.7656280257156857,19.38084360185124,0
0.767777792109047,19.40616685685042,0
0.767777792109047,19.40616685685042,0
0.7695210854569937,19.42645560277431,0
0.7699599614573188,19.431529310893247,0
0.7699599614573188,19.431529310893247,0
0.7712833918466676,19.446749320896302,0
0.7712833918466676,19.446749320896302,0
0.7730624348291686,19.46702992821852,0
0.7730624348291686,19.46702992821852,0
0.7753056590032744,19.49233881276263,0
0.7753056590032744,19.49233881276263,0
0.7775651380573231,19.517579156602906,0
0.7780184669574655,19.522617433014062,0
0.7780184669574655,19.522617433014062,0
0.7798349949985113,19.54273472384957,0
0.7798349949985113,19.54273472384957,0
0.7821095188442244,19.5677970916966,0
0.7821095188442244,19.5677970916966,0
0.7834742809326471,19.58278906783658,0
0.7834742809326471,19.58278906783658,0
0.7852919493481432,19.602727169641614,0
0.7852919493481432,19.602727169641614,0
0.7871054760386076,19.622610870817656,0
0.7871054760386076,19.622610870817656,0
0.7889132401862669,19.642446517211326,0
0.7889132401862669,19.642446517211326,0
0.79071405457137,19.66224199004337,0
0.79071405457137,19.66224199004337,0
0.7925071691937745,19.682006215856216,0
0.7925071691937745,19.682006215856216,0
0.7947372777196536,19.706682021117164,0
0.7947372777196536,19.706682021117164,0
0.7965124791381522,19.72641072135873,0
0.7969551008286305,19.73134244345067,0
0.7969551008286305,19.73134244345067,0
0.7987211992298919,19.751071589136387,0
0.7987211992298919,19.751071589136387,0
0.8004809538112628,19.770810281372107,0
0.8004809538112628,19.770810281372107,0
0.8022354322033481,19.79056549390216,0
0.8022354322033481,19.79056549390216,0
0.8039858483776989,19.81034288801946,0
0.8039858483776989,19.81034288801946,0
0.8057335002832634,19.830146692981877,0
0.8057335002832634,19.830146692981877,0
0.8074797082058733,19.84997965814838,0
0.8074797082058733,19.84997965814838,0
0.8092257579680766,19.86984307190717,0
0.8092257579680766,19.86984307190717,0
0.8109728507400259,19.889736840816838,0
0.8109728507400259,19.889736840816838,0
0.8127220610568626,19.909659620315626,0
0.8127220610568626,19.909659620315626,0
0.8144743038594826,19.92960898641717,0
0.8144743038594826,19.92960898641717,0
0.8162303109914638,19.94958163778695,0
0.8162303109914638,19.94958163778695,0
0.817990617439681,19.96957361683102,0
0.817990617439681,19.96957361683102,0
0.8201975360489585,19.994584067142508,0
0.8201975360489585,19.994584067142508,0
0.8219684375454115,20.01460321224027,0
0.822855656485545,20.02461480800023,0
0.822855656485545,20.02461480800023,0
0.8241886223205642,20.039633183115594,0
0.8241886223205642,20.039633183115594,0
0.8264155838364244,20.06466216318025,0
0.8264155838364244,20.06466216318025,0
0.8282014754062911,20.084679734441877,0
0.8286484804939401,20.089682928996822,0
0.8299906274339823,20.104688961067676,0
0.8299906274339823,20.104688961067676,0
0.8299906274339823,20.104688961067676,0
0.8322307262809366,20.129685160438456,0
0.8322307262809366,20.129685160438456,0
0.8344737270248846,20.15466144087627,0
0.8344737270248846,20.15466144087627,0
0.8358204010037057,20.169636965345774,0
0.8358204010037057,20.169636965345774,0
0.837616449837789,20.18959226391748,0
0.837616449837789,20.18959226391748,0
0.8394125399158191,20.209534205022045,0
0.8394125399158191,20.209534205022045,0
0.8412081755923803,20.229463757826437,0
0.8412081755923803,20.229463757826437,0
0.8430029410195604,20.249382331972637,0
0.8430029410195604,20.249382331972637,0
0.8447965101618694,20.269291674841227,0
0.8447965101618694,20.269291674841227,0
0.8465886510083434,20.289193764120604,0
0.8465886510083434,20.289193764120604,0
0.848826617060097,20.314064379229695,0
0.848826617060097,20.314064379229695,0
0.8506151768208592,20.333957851867147,0
0.8510620693674221,20.338931067779097,0
0.8510620693674221,20.338931067779097,0
0.8528486975034701,20.358824223561886,0
0.8528486975034701,20.358824223561886,0
0.8546339336000731,20.378719160490434,0
0.8546339336000731,20.378719160490434,0
0.856417975333398,20.398617421038875,0
0.856417975333398,20.398617421038875,0
0.8582010617545676,20.418520255380532,0
0.8582010617545676,20.418520255380532,0
0.8599834614591688,20.438428594556434,0
0.8599834614591688,20.438428594556434,0
0.8622109280458483,20.463322644838893,0
0.8622109280458483,20.463322644838893,0
0.8639928213829916,20.483245075491382,0
0.8648838351684193,20.49320867077099,0
0.8648838351684193,20.49320867077099,0
0.8662205291999178,20.50815693545924,0
0.8662205291999178,20.50815693545924,0
0.868003263098204,20.528092992292688,0
0.868003263098204,20.528092992292688,0
0.8702327269735615,20.55302021334949,0
0.8702327269735615,20.55302021334949,0
0.8720173306317174,20.57296669421392,0
0.8724636408840021,20.577953845754635,0
0.8738029761491971,20.59291632605845,0
0.8746962126046369,20.602892008120875,0
0.8755897316134763,20.612868096813568,0
0.8755897316134763,20.612868096813568,0
0.8773776211909906,20.632820987968692,0
0.8773776211909906,20.632820987968692,0
0.8791666288802067,20.652774018555096,0
0.8796140499431501,20.65776218979379,0
0.8809567010337239,20.672726283656825,0
0.8809567010337239,20.672726283656825,0
0.8827477517770855,20.692676985945457,0
0.8827477517770855,20.692676985945457,0
0.8827477517770855,20.692676985945457,0
0.8849877708892926,20.717612165642628,0
0.8849877708892926,20.717612165642628,0
0.8872288898466111,20.742542900421004,0
0.8876772209997705,20.7475284551643,0
0.8890223872608107,20.76248387744342,0
0.8890223872608107,20.76248387744342,0
0.8908162571847367,20.782421495657633,0
0.8908162571847367,20.782421495657633,0
0.8926103533441014,20.80235577286199,0
0.8926103533441014,20.80235577286199,0
0.8944045358715569,20.82228685867449,0
0.8948530795747902,20.82726916008513,0
0.8948530795747902,20.82726916008513,0
0.8961986761247852,20.84221501587237,0
0.8961986761247852,20.84221501587237,0
0.8984411217364998,20.867121640286307,0
0.8984411217364998,20.867121640286307,0
0.9006831501617603,20.89202508050383,0
0.9011314934951927,20.897005467068826,0
0.9011314934951927,20.897005467068826,0
0.9029246322838482,20.916926261635947,0
0.9029246322838482,20.916926261635947,0
0.9047173714145257,20.936846216095585,0
0.9047173714145257,20.936846216095585,0
0.9065096952972542,20.95676579643149,0
0.9065096952972542,20.95676579643149,0
0.908301605175328,20.9766854322309,0
0.908301605175328,20.9766854322309,0
0.9100931188007627,20.996605501643696,0
0.9100931188007627,20.996605501643696,0
0.9118842678243416,21.01652632010005,0
0.9118842678243416,21.01652632010005,0
0.914122757050335,21.0414287629838,0
0.914122757050335,21.0414287629838,0
0.9159132530636646,21.061352050268688,0
0.9168084213506392,21.0713141699137,0
0.9168084213506392,21.0713141699137,0
0.9185986335100638,21.09123937689186,0
0.9185986335100638,21.09123937689186,0
0.9203887263508918,21.11116584671642,0
0.9203887263508918,21.11116584671642,0
0.9221787526551107,21.131093494795287,0
0.9221787526551107,21.131093494795287,0
0.9239687600120655,21.151022185964504,0
0.9248637698291545,21.160986869223425,0
0.9248637698291545,21.160986869223425,0
0.9262063048572204,21.17593424705043,0
0.9262063048572204,21.17593424705043,0
0.9284439478388752,21.200847260425064,0
0.9284439478388752,21.200847260425064,0
0.9302341638590278,21.220778063545453,0
0.9306817337087662,21.225760789307614,0
0.932024483171422,21.24070897097166,0
0.932024483171422,21.24070897097166,0
0.932024483171422,21.24070897097166,0
0.933814908436715,21.26063976637431,0
0.933814908436715,21.26063976637431,0
0.9356054349316709,21.280570251206232,0
0.9373960507808897,21.300500251740715,0
0.9378437164735378,21.30548265867374,0
0.9378437164735378,21.30548265867374,0
0.9391867350456885,21.320429624607343,0
0.9391867350456885,21.320429624607343,0
0.9414251448100392,21.345340294315797,0
0.9414251448100392,21.345340294315797,0
0.943663560113249,21.37024967779334,0
0.9441112375491467,21.375231394240163,0
0.9441112375491467,21.375231394240163,0
0.9454542476616764,21.390176221818543,0
0.9454542476616764,21.390176221818543,0
0.947244851707707,21.41010192027848,0
0.9490353335824451,21.43002681384283,0
0.9490353335824451,21.43002681384283,0
0.9508256518573259,21.449950968600398,0
0.9508256518573259,21.449950968600398,0
0.9526157640375903,21.46987447101565,0
0.9526157640375903,21.46987447101565,0
0.9526157640375903,21.46987447101565,0
0.9544056313382917,21.4897974221959,0
0.9544056313382917,21.4897974221959,0
0.9561952170162025,21.509719932587128,0
0.9561952170162025,21.509719932587128,0
0.9584317541919383,21.534622624673872,0
0.9584317541919383,21.534622624673872,0
0.9606674722894953,21.55952198752347,0
0.9611143826304375,21.564500016596508,0
0.9611143826304375,21.564500016596508,0
0.9629002060831273,21.584394516255113,0
0.9629002060831273,21.584394516255113,0
0.964680995118329,21.604237243204935,0
0.964680995118329,21.604237243204935,0
0.966890137636795,21.628857523055164,0
0.966890137636795,21.628857523055164,0
0.966890137636795,21.628857523055164,0
0.9694993714568677,21.657939275476732,0
0.9694993714568677,21.657939275476732,0
0.9711998002902754,21.676898895345992,0
0.9711998002902754,21.676898895345992,0
0.9728579562870343,21.695392686960137,0
0.9732649068866129,21.69993244849358,0
0.9732649068866129,21.69993244849358,0
0.9744656553038651,21.713330600960624,0
0.9760159115037448,21.73063531914913,0
